Father_CalculatedRace,any_storm_effect,N
01,0,86023
01,1,133523
02,0,18631
02,1,29488
03,0,285
03,1,345
04,0,345
04,1,595
05,0,36
05,1,57
06,0,16
06,1,28
07,0,443
07,1,720
08,0,117
08,1,221
09,0,1413
09,1,1787
1,0,1301841
1,1,882775
10,0,7358
10,1,5774
11,0,21521
11,1,16447
12,0,6398
12,1,4948
13,0,412
13,1,306
14,0,132
14,1,106
15,0,1196
15,1,894
2,0,361897
2,1,249192
20,0,24946
20,1,19950
3,0,2633
3,1,1857
4,0,6720
4,1,4342
5,0,571
5,1,419
6,0,332
6,1,232
7,0,6739
7,1,4707
8,0,1980
8,1,1305
9,0,23849
9,1,18485
99,0,336729
99,1,241588
NULL,0,586336
NULL,1,65327
