PRINCIPAL_SOURCE_PAY,any_storm_effect,N
& TRICARE,1,1
(MSA,1,1
1 AVMED; 2 MEDICA,1,1
1.BC; 2 MCD,0,1
1S SERVICE AD,0,1
1ST,1,1
1ST SERV ADMIN,0,1
1ST SERV ADMIN,1,1
1ST SERVICE A,0,1
1ST SERVICE AD,0,1
215,0,2
289,0,1
7EHA ASA,1,1
991,0,1
991,1,2
999999999999,1,1
A,0,2
A08,1,1
A09,0,1
A09,1,1
"AARP, MEDICARE",1,1
ACA,0,4
ACA,1,3
ACCESS HEALTH,0,1
ACCESS HEALTH,1,1
ACCESS HEALTH SOL,1,2
ACCESS ONE,0,1
ACCESS ONE,1,1
ACCESS ONE ACCOUN,1,1
ACCESS ONE AND SE,0,1
ACCORDIA NAT'L,1,1
ACORDIA COM,0,1
ACORDIA NAT'L,0,1
ACORDIA NATL,0,1
ACTI,1,2
ACTIVE DUTY,0,2
ACTIVE DUTY,1,1
ACTIVE DUTY MILIT,0,60
ACTIVE DUTY MILIT,1,33
ACTIVE DUTY MILTA,0,2
ACTIVE DUTY NAVY,0,1
ACTIVE MILITARY,0,2
ACTIVE MILITARY D,0,2
ACTIVE MILITARY D,1,3
ADMED,1,1
ADOP,1,1
ADREIMA,1,4
"ADREIMA,/NTHRIVE",1,1
"ADREIMA,NTHRIVE",1,1
ADREIMA/NTHRIVE,0,2
ADREIMA/NTHRIVE,1,3
ADVENT HEALTH-AET,1,1
ADVENTHEALTH,1,1
ADVENTHEALTH WESL,1,1
ADVO,1,1
AENA,1,1
AENTA BETTER HEAL,1,1
AENTNA/PPO,0,1
AETA/MEDICAID,1,1
AETBA/MEDICAID,1,1
AETHA,0,3
AETHA,1,1
AETHA BETTER HEAL,0,1
AETHA BETTER HEAL,1,1
AETHA HMO,0,2
AETHA HMO,1,1
AETHA PPO,0,1
AETHNA,0,1
AETINA,0,1
AETN,0,31
AETN,1,67
AETNA,0,112
AETNA,1,52
AETNA & MEDICAID,0,1
AETNA AMBETTER HE,0,1
AETNA AND MEDICAI,0,26
AETNA AND MEDICAI,1,39
AETNA BC,0,1
AETNA BETTER EALT,0,1
AETNA BETTER HAEL,1,1
AETNA BETTER HALT,1,1
AETNA BETTER HEAL,0,210
AETNA BETTER HEAL,1,153
AETNA BETTER HEAT,0,1
AETNA BETTER HEAT,1,2
AETNA BETTER MCD,0,1
AETNA BETTER MCD,1,1
AETNA CHOICE POS,0,1
AETNA CHOICE POS,1,1
AETNA COMM HMO,0,2
AETNA COMM HMO PP,0,4
AETNA COMM HMO PP,1,5
AETNA COMM HMO-PP,0,3
AETNA COMM HMO-PP,1,2
AETNA EPO,1,1
AETNA EXCHANGE -,0,1
AETNA EXCHANGE-N9,1,1
AETNA HEALTH MCD,0,2
AETNA HMO,0,97
AETNA HMO,1,49
AETNA HMO MEDICAI,0,1
AETNA HOM,0,1
AETNA INTERNATION,0,4
AETNA NBETTER HEA,0,1
AETNA OPEN ACCESS,0,1
AETNA POS,0,2
AETNA PPO,0,25
AETNA PPO,1,10
AETNA SELECT,0,1
AETNA TRANSPLANT-,0,1
"AETNA, TRICARE, M",0,1
"AETNA,TRICARE,MED",1,1
AETNA-HMO,0,2
AETNA//MEDICAID,0,1
AETNA/BC,0,1
AETNA/BC,1,2
AETNA/BCBS,0,1
AETNA/BEECH,0,1
AETNA/CHESTERFIEL,0,1
AETNA/CIGNA,1,1
AETNA/CONN GENERA,0,1
AETNA/HUMANA,0,1
AETNA/KEY,0,2
AETNA/KEY,1,1
AETNA/MEDICAID,0,43
AETNA/MEDICAID,1,37
AETNA/MEDICIAD,0,3
AETNA/MEDICIAD,1,3
AETNA/TRICARE,0,7
AETNA/TRICARE,1,4
AETNA/TRICARE/MED,1,1
AETNA/UNITED,0,4
AETNA/UNITED,1,4
AETNABETTER HEALT,0,1
AFFO,1,1
AFFORABLE CARE,0,1
AFFORABLE HEALTHC,0,1
AFFORDABLE CARE,0,1
AFFORDABLE CARE,1,1
AFLAG,0,1
AFSAT/DOF,1,1
AFSAT/DOF WCN,1,1
AGEN WELLCARE,0,1
AGENCY WELLCAR,0,1
AHA/,1,1
AHCA CHARITY,0,1
AHCCCS,0,1
AHCO,0,2
AHCO,1,1
"AHMED, TAALIBAH",0,1
AIC,1,1
ALL SAVERS,1,1
ALL SAVORS,1,1
ALLEGIANCE,0,1
ALLIANCE HC,0,1
ALLIANZ GLOBAL- T,0,1
ALLIED,0,1
ALLIED/MEDICAID,1,1
ALTERNATE BIR,0,1
AM BETTER,1,2
AMALGAMATED LIFE,0,1
AMB/SUN,1,1
AMBER HEALTH,0,1
AMBER HEALTH MEDI,0,1
AMBER INSURANCE,0,1
AMBER OBAMA CARE,0,1
AMBER/OBAMA CARE,1,1
AMBETER,1,2
AMBETER COMMERCIA,0,1
AMBETTER,0,62
AMBETTER,1,108
AMBETTER AND MEDI,1,1
AMBETTER EXCHANGE,0,4
AMBETTER OBAMA CA,0,1
AMBETTER SUNSHINE,0,5
AMBETTER SUNSHINE,1,2
AMEIRHEALTH CARIT,1,1
AMER,0,10
AMER,1,21
AMERGROUP,0,1
AMERI GROUP,0,5
AMERI GROUP,1,1
AMERI HEALTH CARI,0,1
AMERI HEALTH CARI,1,3
AMERIBEN GRP,0,1
AMERICA PUBLIC,1,1
AMERICAN GROUP,0,1
AMERICAN HC,0,1
AMERICAN HEALTH,0,1
AMERICAN HEALTH A,0,1
AMERICAN HEALTH C,1,1
AMERICAN HERITAGE,0,1
AMERICAN HLTH,0,2
AMERICAN HLTHC,0,1
AMERICAN HLTHCARE,1,1
AMERICAN MEDICAL,1,1
AMERICAN/MEDICAID,0,1
AMERICARE GROUP,0,1
AMERICHEALTH CARI,0,1
AMERICHOICE,0,1
AMERICHOICE,1,1
AMERIDROUP MEDICA,0,1
AMERIGROUP,0,16
AMERIGROUP,1,5
AMERIGROUP CORP O,0,1
AMERIGROUP CORP O,1,1
AMERIGROUP HEALTH,0,2
AMERIGROUP HEALTH,1,1
AMERIGROUP MED,1,1
AMERIGROUP MEDICA,0,35
AMERIGROUP MEDICA,1,13
AMERIGROUP MEDICI,0,3
AMERIHEALTH,0,1
AMERIHEALTH,1,5
AMERIHEALTH CARIT,0,4
AMERIHEALTH CARIT,1,23
AMERIHELATH CARIT,0,1
AMERIHELTH CARITA,1,1
AMERITHEALTH,0,1
AMERIWAY INSUR,0,1
AMOR CORREC,0,1
AMOR CORREC,1,1
AMOR CORRECTION,0,2
AMOR CORRECTION,1,1
AMOR CORRECTIONAL,0,3
AMOR CORRECTIONAL,1,1
AMOR CORRECTIONS,0,1
AMOUR CORRECTIONA,0,1
AMRIHEALTH CARITA,0,1
AMTRUST BENEFIT A,1,1
AMVED HMO,0,1
ANTH,1,3
ANTHEM,0,1
ANTHEM,1,3
ANTHEM BC,0,6
ANTHEM BC BS,0,1
ANTHEM BC OF N,0,1
ANTHEM BC OF V,0,1
ANTHEM BCBS,0,4
ANTHEM BCBS,1,3
ANTHEM BCBS MIDWE,0,1
ANTHEM BCBS OF GE,0,1
ANTHEM BCBS OH,1,1
ANTHEM BLUE,0,1
ANTHEM BLUE CROSS,0,2
ANTHEM BLUE CROSS,1,1
ANTHEM BLUECROSS,0,1
ANTHEM MIDWEST,0,2
APPL,0,1
APPL,1,2
APPL MEDICAID,0,1
APPLED EMERGENCY,0,1
APPLIED,1,1
APPLIED ER MEDICA,0,1
APPLIED FOR,1,1
APPLIED FOR E,0,1
APPLIED FOR M,0,2
APPLIED FOR M+,0,1
APPLIED FOR MED,0,1
APPLIED FOR MEDIC,0,2
APPLIED FOR MEDIC,1,2
APPLIED MCD,1,1
APPLIED MEDICAID,0,1
APPLY FOR MED,1,1
APPLY FOR MEDI,0,1
APPLY FOR MEDICAI,0,1
APPLY FOR MEDICAI,1,1
APPLYING,1,1
APPLYING FOR EMER,0,1
APPLYING FOR INS,0,1
APPLYING FOR MEDI,0,9
APPLYING FOR MEDI,1,3
APPLYING FOR+,0,1
APPLYING FORD,1,1
AQVMEND/MEDICAID,1,1
ARMED,0,1
ARMED,1,1
ARMOR,1,1
ARMOR CORECT,0,1
ARMOR CORREC,0,1
ARMOR CORRECT,0,2
ARMOR CORRECT+,0,1
ARMOR CORRECT. HE,1,1
ARMOR CORRECTIONA,0,8
ARMOR CORRECTIONA,1,9
ARMOR CORRETIONAL,0,1
ARSM,0,1
ASSISTANCE,1,1
ASSURANT,0,1
ASSURANT/MEDICAID,0,1
ATA HILTH PLAN,0,1
ATEN,1,1
ATENA,0,2
ATENA,1,1
ATNA,1,2
AUMED,0,1
AUTO,0,2
AUTO,1,1
AUTO INS,0,1
AUTO INS,1,1
AUTO INSURANCE,0,6
AUTO INSURANCE,1,6
AUTO/MISC,1,1
AUXIANT,1,1
AV MED,0,4
AV MED,1,1
AV-MED,1,1
AVEMD INSURAN,1,1
AVEMD INSURANCE,1,1
AVMA,0,1
AVMA GRP HLTH,0,1
AVME,0,2
AVMED,0,34
AVMED,1,31
AVMED AND MEDICAI,1,2
AVMED ENTRUST,1,1
AVMED EXCHANGE,0,1
AVMED EXCHANGE,1,4
AVMED EXCHANGE -,1,1
AVMED EXCHANGE Z8,0,1
AVMED EXCHANGE Z8,1,1
AVMED EXCHANGE- Z,1,2
AVMED HEALTH,0,1
AVMED HEALTH PLAN,0,3
AVMED HLTH,0,1
AVMED HLTH PL,0,2
AVMED HLTH PLA,0,2
AVMED HLTH PLAN H,0,1
AVMED HMO,0,3
AVMED HMO,1,7
AVMED INSURANC,1,1
AVMED INSURANCE,1,7
AVMED MED INS,1,1
AVMED OF FLORIDA,0,1
AVMED SELECT,0,7
AVMED SELECT/ FIR,0,1
AVMED SELECT/FIRS,0,2
AVMED STATE OF FL,0,1
AVMED/HLTH,0,1
AVMED/HMO,0,2
AVMED/MEDICAID,0,12
AVMED/MEDICAID,1,8
AVMED/STATE OF FL,1,6
AVMED/TRICARE,0,1
AVMED/UNITED,1,1
AVNED,1,1
B/C /BS EXCHANGE,1,1
B/C B/S,0,1
B/C/BS FLA PPO/PP,0,1
B/CBS - FL BLU EX,1,1
BABY,0,1
BABY MEDICAID,1,1
BABY ROSE,0,2
BABY ROSE,1,1
BABY ROSE PRO,0,1
BABY ROSE PROG,1,2
BABY ROSE PROGRAM,0,2
BAHAMA HEALTH INS,1,1
BAPTIST,1,2
BAPTIST FINANCE S,0,1
BAPTIST HEALTH,0,1
BAPTIST HEALTH RE,0,1
BAPTIST HEALTH SO,1,9
BARTER,1,2
BARTERED,1,1
BAY COUNTY JAIL,0,1
BAY COUNTY JAIL,1,1
BAY MED INS. (AET,0,1
BAY MEDICAL INSUR,1,1
BAYPINES VA,1,1
BBBY,1,1
BBC FED PPO,0,1
BBC FL PPC PPO,0,1
BC,0,1
BC / BS - M05,0,2
BC A,1,2
BC AL,0,2
BC AL 010,0,1
BC AL PPC,0,1
BC ALABAMA,0,1
BC ANTHEM PPC,1,1
BC B,0,1
BC B,1,1
BC BS,0,3
BC BS,1,2
BC BS - M05,0,1
BC BS HIX PLAN,1,1
BC BS ILLINOIS,1,1
BC BS OF AL,0,2
BC BS OF ALAB+,0,1
BC BS OF ARKANSAS,1,1
BC BS OF CALI,0,1
BC BS OF CALIF,0,1
BC BS OF GEOR,1,1
BC BS OF IL,1,1
BC BS OF ILLINOIS,1,1
BC BS OF IOWA,0,1
BC BS OF MA,0,1
BC BS OF MD,1,1
BC BS OF PA,0,1
BC BS OF PA,1,1
BC BS OF SC,0,3
BC BS OF SC 3,0,1
BC BS OF SOUTH CA,1,1
BC BS OF TEXAS,0,1
BC BS OF TN,0,1
BC BS OF TX,0,1
BC BS OF TX PPO,1,1
BC BS OUT OF MICH,1,1
BC BS PPO,0,2
BC BS PPO,1,1
BC CAREFIRST,0,1
BC F,0,27
BC F,1,91
BC F PPC PPO,1,1
BC FED PPO,0,4
BC FEDERAL,0,17
BC FEDERAL,1,26
BC FEDERAL PPO,0,15
BC FEDERAL PPO,1,8
BC FERDERAL,0,1
BC FL BLUE OPTION,0,1
BC FL POC PPO,1,1
BC FL PPC PPD,0,1
BC FL PPC PPO,0,134
BC FL PPC PPO,1,71
BC FL PPC-PPO,0,1
BC FL PPO,0,1
BC FL PPO PPO,0,1
BC FLORIDA,0,1
BC FLORIDA PHS,0,1
BC FLORIDA PHS,1,1
BC FLORIDA PP,0,1
BC FLORIDA PPC PP,0,2
BC FLORIDA PPO,0,2
BC H,0,15
BC H,1,49
BC HEALTH OPT,0,1
BC HEALTH OPTS,0,3
BC HEALTH OPTS,1,1
BC HILTH OPTS,1,2
BC HLTH OPT,0,1
BC HLTH OPTION,0,1
BC HLTH OPTIONS,0,1
BC HLTH OPTS,0,25
BC HLTH OPTS,1,19
BC HLTHOPTIO,0,1
BC HLTHOPTIONS,0,14
BC HLTHOPTIONS,1,12
BC HLTHOPTNS,0,1
BC HMO,0,1
BC I,1,1
BC IL,0,1
BC M,1,1
BC MA,0,1
BC NC,0,2
BC NETWKBLUE,0,1
BC NETWORK BL,0,1
BC NETWORK BLU,1,1
BC NETWORK BLUE,0,1
BC NETWORK BLUE P,0,3
BC NETWORK PPO,0,2
BC NETWORKBLU,1,1
BC NETWORKBLU+,0,2
BC NETWORKBLUE,0,101
BC NETWORKBLUE,1,20
BC NETWORKBLUT,0,1
BC NEWTWORKBLU,0,1
BC NTEWORKBLUE,0,1
BC NTWKBLUE,0,4
BC NY 303,0,1
BC O,0,4
BC O,1,17
BC OF AL,0,1
BC OF AL 010,1,1
BC OF AL 510,0,1
BC OF AL PPO,0,1
BC OF CALIFOR+,0,1
BC OF FLORIDA,0,1
BC OF GA 101,0,1
BC OF IL,0,1
BC OF IL PPO,0,1
BC OF ILLINOIS,0,1
BC OF ILLINOIS,1,1
BC OF JAMAICA,1,1
BC OF MICHIGAN,1,1
BC OF MINNESOTA,1,1
BC OF MO 241,0,1
BC OF NC,0,1
BC OF NC 310,0,1
BC OF NJ 280,0,1
BC OF NY,1,1
BC OF PA,1,1
BC OF PA PPO,1,1
BC OF SC,0,4
BC OF SC,1,1
BC OF SC 380,1,1
BC OF SC PPO,0,1
BC OF SC PPO,1,1
BC OF SOUTH CAROL,0,1
BC OF SOUTH CAROL,1,1
BC OF TENN 390,0,1
BC OF TENNEES,0,1
BC OF TX,0,2
BC OF VT,0,1
BC OUT NC,0,1
BC OUT OF AK,1,1
BC OUT OF AL,0,3
BC OUT OF AL,1,2
BC OUT OF IL,0,1
BC OUT OF MASSACH,1,1
BC OUT OF MI,0,1
BC OUT OF MICHIGA,0,1
BC OUT OF MINNESO,0,1
BC OUT OF MINNESO,1,1
BC OUT OF NC,0,1
BC OUT OF PPC,1,1
BC OUT OF SC,0,3
BC OUT OF SC,1,1
BC OUT OF SOUTH C,1,1
BC OUT OF ST,0,17
BC OUT OF STA+,0,1
BC OUT OF STAE PP,0,2
BC OUT OF STAT PP,0,1
BC OUT OF STATE,0,4
BC OUT OF STATE H,0,3
BC OUT OF STATE H,1,3
BC OUT OF STATE P,0,52
BC OUT OF STATE P,1,59
BC OUT OF STATE S,1,1
BC OUT OF TATE PP,0,1
BC OUT OF TN,0,1
BC OUT OF TX,0,1
BC OUT ST COM,0,1
BC P,1,3
BC PA,1,1
BC PA 363,1,1
BC PA PPC 378,0,1
BC S,0,1
BC S,1,2
BC SC,0,1
BC SC,1,1
BC SC 380,0,2
BC SC PPO,0,1
BC STATE PPC,1,1
BC T,0,1
BC T,1,1
BC TN CHS EMPLOYE,1,1
BC TX,0,2
BC TX 400,0,1
BC U,1,1
BC VA,0,1
BC&BS,1,1
BC-BS FROM MI+,0,1
BC./MEDICAID,1,1
BC/AETNA,0,6
BC/AETNA,1,8
BC/AETNA/UNITED,1,1
BC/AVMED,0,2
BC/AVMED,1,1
BC/B,0,1
BC/B,1,1
BC/BC,0,10
BC/BC - BLUECROSS,1,1
BC/BC/-BLUCARE EX,1,1
BC/BS,0,12
BC/BS - BLUE CROS,0,1
BC/BS - BLUE OPTI,1,2
BC/BS - BLUECROOS,1,1
BC/BS - BLUECROSS,1,1
BC/BS - FL BLE EX,0,1
BC/BS - FL BLUE E,0,2
BC/BS - FL BLUE E,1,2
BC/BS - FLA PPO/P,0,1
BC/BS - FLA PPO/P,1,1
BC/BS - M05,0,2
BC/BS - M05,1,1
BC/BS BLUECARE,1,1
BC/BS FL BLUE EXC,0,1
BC/BS FL BLUE EXC,1,2
BC/BS FLA PPO/PPC,0,1
BC/BS FLA PPO/PPC,1,1
BC/BS FLORIDA,0,1
BC/BS OF CALIFORN,1,1
BC/BS OF TEXAS,1,1
BC/BS OUT OF,0,1
BC/BS TEXAS,0,1
BC/BS-FL BLUE EXC,0,2
BC/BS/ - BLUE OPT,1,1
BC/CIGNA,0,2
BC/CIGNA,1,1
BC/CONN GENERAL,0,1
BC/CONN GENERAL,1,1
BC/CONNECTICUT GE,0,1
BC/CONNGENERAL,0,1
BC/FLORIDA,0,1
BC/HLTH OPTIONS,1,1
BC/HUMANA,0,1
BC/MEDCAID,0,1
BC/MEDIAID,0,1
BC/MEDIAID,1,1
BC/MEDICAID,0,108
BC/MEDICAID,1,106
BC/MEDICARE,0,3
BC/MEDICARE A&B,0,1
BC/MEDICIAD,0,5
BC/MEDICIAD,1,7
BC/MEDICID,1,1
BC/MMSI,1,1
BC/TRICARE,0,15
BC/TRICARE,1,11
BC/UNITED,0,1
BC/UNITED,1,4
BC/VA,0,2
BC/VA/MEDICAID,0,1
BCBC,1,1
BCBC OPTIONS,0,1
BCBC-FLORIDA BLUE,0,1
BCBC/AETNA,0,1
BCBC/MEDICAID,0,1
BCBS,0,320
BCBS,1,161
BCBS AL,0,1
BCBS AND AETNA,1,1
BCBS AND HUMANA,0,1
BCBS AND HUMANA,1,6
BCBS AND HUMANA M,1,1
BCBS AND MEDICAID,0,86
BCBS AND MEDICAID,1,128
BCBS AND MOLINA,1,1
BCBS AND SHARE OF,0,1
BCBS AND SOC,0,1
BCBS AND UHC,0,2
BCBS ANDM MEDICAI,0,1
BCBS ANTHEM,0,1
BCBS ANTHEN (IN),1,1
BCBS BLUE OPT,0,2
BCBS FEDERAL,0,2
BCBS FEDRAL EMP P,0,1
BCBS FEP,0,1
BCBS FL,0,6
BCBS FLORIDA,1,1
BCBS GATORCARE,1,1
BCBS HIX,1,3
BCBS HMO,0,1
BCBS HMO,1,1
BCBS HORIZON,1,1
BCBS HORIZON NEW,0,1
BCBS INS,0,1
BCBS INSURANCE,0,2
BCBS MI 210,0,1
BCBS MYBLUE,0,1
BCBS OF AL,0,2
BCBS OF AL,1,2
BCBS OF AL PPO,1,1
BCBS OF ALABAMA,0,1
BCBS OF CA,0,5
BCBS OF CALIFORNI,0,1
BCBS OF CT,0,1
BCBS OF FL,0,8
BCBS OF FL,1,2
BCBS OF FL PPO,0,1
BCBS OF FLORIDA,0,2
BCBS OF GA,0,1
BCBS OF GA,1,1
BCBS OF GEORGIA A,1,1
BCBS OF IL,0,1
BCBS OF IL 121,1,1
BCBS OF ILL,0,1
BCBS OF ILLINO,0,1
BCBS OF ILLINOIS,1,1
BCBS OF MA,1,1
BCBS OF MARYLA,0,2
BCBS OF MASSACHUS,1,1
BCBS OF MD,0,1
BCBS OF MI,1,1
BCBS OF MICHIGAN,1,2
BCBS OF MINNESOTA,0,1
BCBS OF NE PPO,1,1
BCBS OF NJ,0,1
BCBS OF NORTH CAR,1,1
BCBS OF PA,0,5
BCBS OF PA,1,1
BCBS OF PENNSY,0,1
BCBS OF SC,0,8
BCBS OF SC,1,4
BCBS OF SOUTH CAR,0,2
BCBS OF SOUTH CAR,1,2
BCBS OF TENNESSEE,1,1
BCBS OF TEXAS,0,2
BCBS OF TEXAS,1,1
BCBS OF TN,0,3
BCBS OF TN PPO,1,1
BCBS OF TX,0,1
BCBS OF TX,1,1
BCBS OF VA,0,1
BCBS OF VERMON,0,1
BCBS OUT OF STATE,0,3
BCBS PPO,0,7
BCBS PPO,1,7
BCBS STATE PLAN,0,1
"BCBS, MEDICAID, U",0,1
BCBS-FLORIDA,0,1
BCBS-FLORIDA BLUE,0,1
BCBS/CHP,1,1
BCBS/FEDERAL,0,1
BCBS/MEDICAID,0,2
BCBS/MEDICAID,1,2
BCBS/MEDICIAD,0,1
BCBSF,0,1
BCBSTX,0,2
BCIBS-FED,0,1
BCNETWORKBLUE,1,1
BCOPPC,0,1
BCS-ARMOR CORRECT,0,1
BCSB,0,1
BE NET BLUE,0,1
BEAC,1,1
BEACH STREET,0,2
BEARU OF PRISONS,0,1
BEEC,1,8
BEECH ST,1,1
BEECH ST PPO,0,1
BEECH ST PPO,1,2
BEECH STREET,0,2
BEECH STREET,1,1
BEECH STRET P,0,1
BEECHSTREET,1,2
BEECHSTREET PP,0,1
BEECHSTREET PPO-3,0,1
BEN,1,1
BENE,0,3
BENE,1,7
BENEFIT PLANNE,0,1
BENESCRIPT,0,1
BEST,0,1
BEST,1,1
BEST CHOICE,1,1
BEST DOCTORS,1,2
BEST DOCTORS INSU,0,1
BETTER HEALTH,0,3
BETTER HEALTH,1,1
BETTER HEALTH LLC,0,2
"BETTER HEALTH, LL",0,7
"BETTER HEALTH, LL",1,1
BEUNA VISTA,0,2
BGMC,0,2
BH H,1,1
BHSF,0,9
BHSF,1,35
BHSF INSURANCE,0,1
BHSF INSURANCE,1,1
BHSSF,0,3
BHSSF,1,2
BHSSF PAT FIN SER,1,1
BHSSF PATIENT FIN,0,1
BHSSF PATIENT FIN,1,1
BIGHTHEALTH EXCHA,1,1
BILL UNTIL INSURA,1,1
BIRTH AT HOME,1,1
BL. CARD F.H.,0,1
BL/MEDICAID,0,1
BLCAHMO,1,1
BLFFED,0,1
BLOPPC,1,1
BLU CARE HMO,1,1
BLUE,0,10
BLUE,1,16
BLUE CALIFORNIA,1,1
BLUE CARD,0,6
BLUE CARD FH,0,9
BLUE CARD FH,1,3
BLUE CARD MED,0,1
BLUE CARE FH,1,1
BLUE CARE HIX,0,3
BLUE CARE HIX,1,2
BLUE CARE HMO,0,2
BLUE CARE HMO,1,10
BLUE CHOICE,1,1
BLUE CHOICE HIX,1,3
BLUE CHOICE PPC P,1,2
BLUE CHOICE PPO,0,1
BLUE CROSS,0,39
BLUE CROSS,1,35
BLUE CROSS AL,0,4
BLUE CROSS AL,1,1
BLUE CROSS AND BL,0,2
BLUE CROSS AND ME,0,1
BLUE CROSS AND ME,1,1
BLUE CROSS ANTHEM,0,1
BLUE CROSS B,0,1
BLUE CROSS BC,1,1
BLUE CROSS BL,0,3
BLUE CROSS BL+,0,1
BLUE CROSS BLU,0,6
BLUE CROSS BLUE,0,1
BLUE CROSS BLUE O,0,1
BLUE CROSS BLUE S,0,90
BLUE CROSS BLUE S,1,18
BLUE CROSS BLUESH,0,1
BLUE CROSS FL,0,1
BLUE CROSS HM+,0,1
BLUE CROSS HMO,1,1
BLUE CROSS IL,0,3
BLUE CROSS IL,1,1
BLUE CROSS MYBLUE,1,1
BLUE CROSS NC,0,1
BLUE CROSS NETWOR,0,9
BLUE CROSS OF ALA,0,2
BLUE CROSS PA,0,1
BLUE CROSS PPC,0,1
BLUE CROSS PPO,0,76
BLUE CROSS PPO,1,1
BLUE CROSS SC,0,3
BLUE CROSS SC,1,1
BLUE CROSS SHIELD,0,1
BLUE CROSS SHIELD,1,1
BLUE CROSS TX,0,1
BLUE CROSS/ CHAMP,0,1
BLUE CROSS/BC,0,2
BLUE CROSS/BC FL,0,1
BLUE CROSS/BC NET,0,1
BLUE CROSS/BLUE S,1,1
BLUE CROSS/MEDICA,0,3
BLUE CROSS/MEDICA,1,1
BLUE CROSS/SHIELD,0,2
BLUE OPTION,0,3
BLUE OPTIONS,0,1
BLUE OPTIONS,1,3
BLUE OPTIONS HIX,0,4
BLUE OPTIONS HIX,1,5
BLUE OPTIONS PPO,0,4
BLUE OPTIONS PPO,1,12
BLUE SELECT,0,1
BLUE SELECT,1,1
BLUE SELECT HIX,0,15
BLUE SELECT HIX,1,21
BLUE SELECT HX,0,1
BLUE SHIELD,0,1
BLUE SHIELD BLUE,0,2
BLUE SHIELD BLUE,1,1
BLUE SLECT HIX,1,1
BLUECROSS,0,4
BLUECROSS,1,8
BLUECROSS FL,1,1
BOP,0,4
BOP,1,1
BOTH MEDICAID AND,1,1
BOTH PRIVATE & ME,0,1
BOTH PRIVATE AND,0,1
BRAZILLIAN NAVAL,1,1
BREVARD COUNTY JA,0,1
BRIGH HEALTH,0,1
BRIGHT,0,1
BRIGHT HEALTH,0,2
BRIGHT HEALTH,1,14
BRIGHT HEALTH EXC,1,4
BRIGHT HEALTH HIX,0,1
BRIGHT HEALTH HIX,1,1
BRIGHT HEALTH PLA,1,2
BRIGHT HEALTH SIL,1,1
BRIGHT HEALTHCARE,0,1
BRIGHT HEALTHCARE,1,1
BRIGHTHEALTH,0,3
BRIGHTHEALTH,1,8
BRIGHTHEALTH CARE,1,1
BRIGHTHEALTH ESCH,1,2
BRIGHTHEALTH EXCH,0,20
BRIGHTHEALTH EXCH,1,53
BRIT,1,1
BRITISH AMERICAN,0,1
BRITISH HEALTH,1,1
BROW,0,1
BS/BC,0,1
BS/MEDICAID,1,1
BSBC FL BLUE,1,1
BSBC IL,0,1
BSBS,0,1
BSBS BLUE OPTIONS,0,1
BUEN,0,1
BUENA VISTA,0,25
BUENA VISTA,1,3
BUFC,0,1
BUPA,0,1
BUPA,1,1
BUREAU OF PRISONS,0,1
C HE,1,1
CAHRITY,0,3
CAMPUS ACTIVE,0,1
CAMPUS TRICARE,0,12
CAMPUS TRICARE,1,1
CAMPUS/TRICARE,0,17
CAMPVA,0,1
CANADIAN MEDICAL,1,1
CAPITAL HEALTH,0,1
CAPITAL HEALTH,1,2
CAPITAL HEALTH PL,0,78
CAPITAL HEALTH PL,1,6
CAPTIAL HEALTH PL,0,1
CARD,0,1
CARE ADVANTAGE,0,1
CARE PASS PTS,0,3
CARE PASSPTS,1,1
CARE PLUS HLTH PL,0,2
CARE PLUS HLTH-ME,0,1
CARE PLUS MEDICAR,0,1
CARE PLUS MEDICAR,1,1
CAREFIRST,0,1
CAREFIRST BCB,0,1
CAREPLUS MEDICARE,0,1
CARESOURCE,1,1
CARPENTERS CON,0,1
CARRIER UPDATED,1,1
CASH,0,3
CASH,1,1
CASH (UNPLANNED A,1,1
CASH PAY-MATERNIT,0,1
CAYMAN ISLAND,0,1
CAYMAN ISLAND INS,0,1
CBCA ADM INC,1,1
CBCA INS,0,1
CBSA,0,2
CBSA PERFORMAX,0,1
CBSA/BC,1,1
CCA INMATE MDI,1,1
CELTIC HEALTH,0,1
CENTURION,1,1
CENTURION INMATE,0,1
CENTURION INMATES,0,7
CENTURION INMATES,1,11
CENTURION OF FLOR,1,1
CENTURY/MAILHANDL,1,1
CHAM,0,7
CHAM,1,13
CHAMOUS TRICARE,0,1
CHAMOUS TRICARE,1,3
CHAMP,1,1
CHAMP VA,0,11
CHAMP VA,1,17
CHAMP VA RET DEPE,1,3
CHAMP VA RET. DEP,1,2
CHAMP VA RETIRED,1,1
CHAMP VA/MEDICAID,0,1
CHAMP- VA,0,1
CHAMP/TRICARE,1,1
CHAMPS,1,1
CHAMPS VA,0,1
CHAMPUS,0,78
CHAMPUS,1,68
CHAMPUS ACTIV,0,1
CHAMPUS ACTIV,1,1
CHAMPUS ACTIV+,0,1
CHAMPUS ACTIVE DU,0,6
CHAMPUS ACTIVE DU,1,1
CHAMPUS MILITARY,0,1
CHAMPUS RETIRED,0,3
CHAMPUS TRI CARE,0,1
CHAMPUS TRI STAND,0,1
CHAMPUS TRICA,1,1
CHAMPUS TRICAR,0,3
CHAMPUS TRICAR,1,1
CHAMPUS TRICARE,0,188
CHAMPUS TRICARE,1,81
CHAMPUS TRICARE/T,0,1
CHAMPUS VA,0,1
CHAMPUS VA,1,1
CHAMPUS-TRICARE,0,1
CHAMPUS-TRICARE/M,0,1
CHAMPUS/MEDICAID,0,1
CHAMPUS/TRICA,0,1
CHAMPUS/TRICAR,0,1
CHAMPUS/TRICAR,1,2
CHAMPUS/TRICARE,0,277
CHAMPUS/TRICARE,1,260
CHAMPUS/TRICO,0,1
CHAMPUS/TRICORE,0,1
CHAMPVA,0,20
CHAMPVA,1,21
CHAMPVA/MEDICAID,1,1
CHAR,0,45
CHAR,1,112
CHAREITY,1,1
CHARIITY,0,1
CHARITY,0,3663
CHARITY,1,1548
CHARITY  PENDIN,1,1
CHARITY  PENDING,1,2
CHARITY APPLICATI,0,1
CHARITY CARE FROM,0,1
CHARITY DIST,1,1
CHARITY DISTRI,1,1
CHARITY PEN,0,1
CHARITY PEND,0,6
CHARITY PEND,1,9
CHARITY PEND.,1,1
CHARITY PENDIN,0,1
CHARITY PENDIN,1,5
CHARITY PENDING,0,81
CHARITY PENDING,1,34
CHARITY PNDNG,0,1
CHARITY PROGRAM,1,1
"CHARITY,MEDICAID",1,1
CHARITY/MEDICAID,1,1
CHARITYT,0,1
CHARITY`,1,1
CHARPEN,0,1
CHARTER PLAN,0,3
CHARTITY,0,13
CHARTITY PENDING,0,1
CHARTIY,0,5
CHARTY,0,2
CHATIRY,0,1
CHC,1,1
CHC APOPKA PAYMEN,0,1
CHC CLINIC,1,1
CHC CLINIC PRE PA,1,1
CHC INSURANCE,1,2
CHC PAYMENT,1,1
CHC PLAN,1,1
CHECK,0,2
CHEQ,1,1
CHESTERFIELD,0,1
CHILDNET OF BR,1,1
CHILDRENS MED SER,0,2
CHILDRENS MED SER,1,1
CHILDRENS MEDICAL,0,1
CHILDRENS MEDICAL,1,1
CHIP,0,1
CHM,1,1
CHMPVA,1,1
CHP,0,371
CHP,1,158
CHRI,1,1
CHRISTIAN CAR,0,1
CHRISTIAN CARE,1,1
CHRISTIAN CARE ME,0,1
CHRISTIAN CARE MI,0,4
CHRISTIAN COST SH,0,1
CHRISTIAN HEALTH,0,1
CHRISTIAN HEALTH,1,2
CHRISTIAN HEALTHC,0,3
CHRISTIAN HEALTHC,1,3
CHRISTIAN HEALTHS,1,1
CHRISTIAN HLTH MI,1,1
CHRISTIAN HLTHCAR,1,1
CHRISTIAN HOSPITA,0,1
CHRISTIAN MEDISHA,1,1
CHRISTIAN MEDSHAR,0,1
CHRISTIAN MINISTR,0,1
CHRISTIAN MINISTR,1,2
CHRISTIAN MUTUAL,0,1
CHRISTIAN SERVICE,0,1
CHRISTIAN SHARE,1,1
CHRISTIAN SHARING,0,1
CHURCH BISHOP FUN,1,1
CHURCH FUND,0,1
CIGAN POS OPEN,0,1
CIGN,0,20
CIGN,1,37
CIGN HMO,0,1
CIGNA,0,114
CIGNA,1,73
CIGNA  HMO,0,1
CIGNA & UNITED,0,1
CIGNA (HMO),1,1
CIGNA AFLAC,0,1
CIGNA AND MEDICAI,0,7
CIGNA AND MEDICAI,1,15
CIGNA COMM HMO Z,1,1
CIGNA COMM HMO-Z,0,1
CIGNA EPO,0,1
CIGNA GREAT WEST,1,5
CIGNA GREAT WEST-,0,1
CIGNA GREAT WEST-,1,2
CIGNA HEALTH INSU,1,1
CIGNA HEALTHCARE,0,1
CIGNA HMO,0,47
CIGNA HMO,1,21
CIGNA OBAMA CARE,0,1
CIGNA OPEN,0,2
CIGNA OPEN ACCESS,0,5
CIGNA OPEN ACCESS,1,3
CIGNA PP,1,1
CIGNA PPO,0,31
CIGNA PPO,1,12
CIGNA STARBRIDAY,0,1
CIGNA- LIFESOURCE,1,1
CIGNA-BAYCARE,1,1
CIGNA-COMM HMO -,1,1
CIGNA-COMM HMO-Z,0,1
CIGNA-LIFESOURCE,0,3
CIGNA-LIFESOURCE,1,2
CIGNA-SUREFIT-Z3,0,1
CIGNA/BC,0,3
CIGNA/BC,1,1
CIGNA/MCD,0,1
CIGNA/MEDCAID,1,1
CIGNA/MEDICAID,0,13
CIGNA/MEDICAID,1,14
CIGNA/MEDICALLY N,1,1
CIGNA/MEDICIAD,0,2
CIGNA/MEDICIAD,1,1
CIGNA/PPO,0,1
CIGNA/SELF PAY,0,1
CIGNA/TRICARE,0,1
CIGNA/TRICARE,1,1
CIGNA/UNITED,0,1
CIGNA/UNITED,1,2
CIGNAL HEALTH INS,0,1
CIGNA\MEDICAID,0,1
CINGA PPO,0,1
CITY CONTACT,0,1
CITY CONTACT,1,1
CITY CONTRACT,0,71
CITY CONTRACT,1,103
CITY CONTRACT - J,1,1
CITY CONTRACT/JAI,0,2
CITY CONTRACT/JAI,1,1
CITY INSURANCE BO,1,1
CITY JAIL,0,2
CLAR,0,1
CLAR,1,1
CLEAR BALANCE/PAT,1,1
CLEAR HEALTH,1,3
CLEAR HEALTH ALLI,0,24
CLEAR HEALTH ALLI,1,16
CLEAR HELATH ALLI,1,1
CLINC CARD,0,4
CLINC CARD,1,2
CLINCI CARD,0,1
CLINCIN CARD,1,1
CLINI CARD,0,1
CLINIC,0,70
CLINIC,1,52
CLINIC CARD,0,467
CLINIC CARD,1,71
CLINIC CARDD,0,1
CLINIC CARDS,0,1
CLINIC INSURANCE,1,1
CLINICA CARD,0,1
CLINICCARD,1,1
CLININC,1,1
CLLINIC CARD,0,1
CMS,0,1
CMS,1,4
CMS PEDICARE,1,1
CMS SUNSHINE,0,2
CMS SUNSHINE HEAL,1,1
CMS TITLE 19 SMMC,0,2
CMS TITLE 19 SMMC,1,1
CMS TITLE SMMC CM,0,1
CMS WELLCARE,1,2
CMSN MMA,0,1
CNN,0,1
CNT EMPLOYER HEAL,0,1
CNT GOOD SAMARITA,1,1
CNT GOOD SMARITAN,1,1
COB,0,1
COBR,0,1
COBR,1,3
COBRA,0,7
COBRA,1,3
COBRA INSURANCE,0,1
COBRA-UNITED HEAL,0,1
COBRA/MEDICAID,1,1
CODE S98,0,1
COENTRY HEALTH CA,1,1
COERRECTIONAL JAI,0,1
COL CO DET CNTR C,0,1
COLINA GROUP HEAL,0,1
COLOMBUS/GLOBAL,0,1
COLORADO MEDICAID,0,1
COLUMBIA,0,1
COLUMBIA COUNTY A,0,1
COME,0,2
COMM,0,20
COMM,1,2
COMM  CARE,1,1
COMM CAR,0,1
COMM CAR PENDING,0,1
COMM CARE,0,97
COMM CARE,1,153
COMM CARE PEDNING,0,1
COMM CARE PEN,1,1
COMM CARE PEND,0,2
COMM CARE PEND,1,1
COMM CARE PENDING,0,107
COMM CARE PENDING,1,42
COMM INS,0,1
COMM MISC,1,1
COMM PENDING,1,1
COMM PENDING CARE,1,1
COMM-VISTA,1,1
COMM/TRICARE,0,1
COMMERCIAL,0,14
COMMERCIAL,1,23
COMMERCIAL GENERA,0,1
COMMERCIAL HMO,1,2
COMMERCIAL INS,0,5
COMMERCIAL INS,1,8
COMMERCIAL INSURA,0,3
COMMERCIAL MISC,1,1
COMMERCIAL-MISC,1,1
COMMERCIAL/HMO,1,1
COMMERCIAL/HMO/PP,0,3
COMMERCIAL/HMO/PP,1,1
COMMERICAL,1,1
COMMERICAL INS,0,1
COMMERICAL INSURA,1,1
COMMON CARE,0,8
COMMON CARE PENDI,1,1
COMMUITY CARE,1,1
COMMUNITE CARE,1,2
COMMUNITY,1,1
COMMUNITY CARE,0,54
COMMUNITY CARE,1,79
COMMUNITY CARE NE,0,1
COMMUNITY CARE PL,0,4
COMMUNITY CARE PL,1,2
COMMUNITY HEALTH,1,1
COMMUNITY VA,1,1
COMMUNITY/FACILIT,1,1
COMMUNTIY CARE,0,1
COMPANY,0,2
COMPANY INSURANCE,0,3
COMPANY INSURANCE,1,1
COMPANY PROVIDED,1,1
COMUNITY HEATH CE,0,1
CON GENERAL/MEDIC,0,1
CONENTRY MEDICAID,0,1
CONN GEN/BC,0,1
CONN GEN/MEDICAID,0,4
CONN GEN/MEDICAID,1,1
CONN GENERAL,1,1
CONN GENERAL/MEDI,0,2
CONN/MEDICAID,1,1
CONN/TRICARE,0,1
CONN/TRICARE,1,1
CONN/UNITED,1,1
CONNECTICUT GEN N,0,1
CONSILATED HEALTH,1,1
CONT/MEDICAID,1,3
CONTRACT W/ HEALT,1,1
CONVENTRY HEALTH,1,1
CONVENTRY MEDICAI,0,4
CORESOURCE,0,2
CORESOURCE,1,1
CORESOURCE/MEDICA,1,1
CORIZON,0,1
CORIZON,1,1
CORIZON CORRECTIO,0,1
CORIZON HEALTH,0,2
CORIZON/CORRECTIO,0,2
CORIZONE HEALTH C,0,1
CORPORATE,0,1
CORPORATE INSURAN,0,1
CORRECTION FEDERA,0,2
CORRECTION HEALTH,0,3
CORRECTION HEALTH,1,1
CORRECTION-FEDERA,1,1
CORRECTIONAL,0,1
CORRECTIONAL,1,2
CORRECTIONAL AGEN,0,1
CORRECTIONAL FACI,0,3
CORRECTIONAL HEAL,0,1
CORRECTIONAL HLTH,0,2
CORRECTIONAL HLTH,1,2
CORRECTIONAL INSU,1,1
CORRECTIONAL MED,0,4
CORRECTIONAL MED,1,2
CORRECTIONAL MEDI,0,1
CORRECTIONAL SERV,0,1
CORRECTIONS,0,4
CORRECTIONS,1,2
CORRECTIONS FEDER,0,3
CORRECTIONS HEALT,0,12
CORRECTIONS HEALT,1,2
CORRECTIONS-FEDER,1,1
CORRECTONAL HEALT,0,1
COST SHARE,0,1
COST SHARE PLAN,1,1
COST SHARING,1,1
COUN,0,105
COUNTY DETENTION,1,1
COVENRTY MEDICAID,0,1
COVENTRY,0,5
COVENTRY,1,2
COVENTRY  MEDICAI,0,1
COVENTRY AND MEDI,1,1
COVENTRY CARE,0,1
COVENTRY CARE PPO,0,1
COVENTRY CARE-136,0,1
COVENTRY CARELINK,0,2
COVENTRY HEALTH,0,1
COVENTRY HEALTH C,0,3
COVENTRY HEALTH C,1,1
COVENTRY MADICARE,1,1
COVENTRY MEDDICAI,0,1
COVENTRY MEDEICAI,0,1
COVENTRY MEDICAID,0,35
COVENTRY MEDICAID,1,2
COVENTRY MEDICARE,0,1
COVENTRY MEDICIAD,0,2
COVENTRY OTHER,0,1
COVENTRY VISTA,1,1
COVENTRY/MEDICAID,0,1
COVER FLORIDA,0,1
COVER FLORIDA,1,2
CPUNTY JAIL,1,1
CREDIT CARD,0,1
CREDIT CARD,1,1
CROSSAMERICA,0,1
D20,0,1
D25,0,2
D55-CIGNA PPO,1,1
DADE,0,14
DADE COUNTY JO,0,3
DADE COUNTY JO,1,3
DAKOTA CARE,0,1
DANMARK INSUR,0,1
DEBIT CARD,0,1
DEFINITY HEALTH,1,1
DEP OF VETERANS A,0,1
DEPARTMENT OF VA,1,1
DEPARTMENT OF VET,1,1
DEPT,1,2
DEPT OF CORRECTIO,0,2
DEPT OF V.A.,0,1
DEPT OF VA,0,1
DEPT OF VET AF,1,1
DEPT OF VETER,0,1
DEPT OF VETERAN A,0,1
DEPT OF VETERANS,0,2
"DESAI, SNEHA",0,1
DESERET MUTUAL,0,1
DESOTO JUVENILE C,0,1
DETENTION PROGRAM,0,1
DID NOT PAY,1,2
DISA,1,1
DISABILITY,0,1
DISABILITY INSURA,0,1
DISC,1,2
DISCOUNT PLAN,1,1
DISCOUNT UNINSURE,0,1
DIVERSIFIED ADM.,1,1
DOD VA SHARING AG,1,1
DOD/VA SHARING AG,1,1
DOESN'T HAVE,1,1
DOVE ACADEMY,0,1
DTC SCHOLARSHIP,1,1
DUAL INSURANCE,0,2
E02,0,2
EBMS,0,2
EBMS,1,2
EDNA,0,2
EDNA BETTER HEALT,0,1
EFES/OBAMA CARE,0,1
EMA,0,2
EMA,1,1
EMBASSAY,0,1
EMBASSY,1,1
EMBASSY INSURANCE,0,1
EMBASSY INSURANCE,1,1
EMBASSY OF SA,1,1
EME.MEDICAID,0,1
EMEMRGENCY MEDICA,0,1
EMER,0,3
EMER,1,27
EMER MED,0,2
EMER MED.,0,3
EMER MED.,1,1
EMER MEDICAID,0,6
EMER MEDICAID,1,1
EMER MEDICAID PEN,1,3
EMER. MED.,1,1
EMER. MEDICAID,0,1
EMER. MEDICAID,1,1
EMER.MED.,1,1
EMER.MEDICAID,0,3
EMEREGENCY MEDICA,1,1
EMERENCY MEDICAID,0,1
EMERG MEDICAID PE,0,1
EMERGECY MEDICAID,0,2
EMERGEENCY MEDICA,0,1
EMERGENCY,0,2
EMERGENCY,1,2
EMERGENCY INSURAN,0,1
EMERGENCY MADICAI,0,1
EMERGENCY MADICAI,1,1
EMERGENCY MCD,0,1
EMERGENCY MCD,1,1
EMERGENCY MED,0,8
EMERGENCY MED,1,1
EMERGENCY MED CAR,0,1
EMERGENCY MEDI,1,2
EMERGENCY MEDIAID,1,1
EMERGENCY MEDIC A,0,1
EMERGENCY MEDICAA,0,1
EMERGENCY MEDICAA,1,1
EMERGENCY MEDICAD,0,3
EMERGENCY MEDICAD,1,1
EMERGENCY MEDICAI,0,717
EMERGENCY MEDICAI,1,581
EMERGENCY MEDICAL,0,1
EMERGENCY MEDICIA,0,4
EMERGENCY MEDICQA,0,1
EMERGENCY MEIDCAI,0,1
EMERGENCY MEIDCAI,1,1
EMERGENCY MEIDICA,0,1
EMERGENCY NEDICAI,0,1
EMERGENCY NMEDICA,0,1
EMERGENCYH MEDICA,0,1
EMERGENCYMEDICAID,1,3
EMERGENGY MEDICAI,0,4
EMERGENGY MEDICAI,1,1
EMERGENT MEDICAID,0,2
EMERGENY MEDICAID,0,1
EMERGERENCY MEDIC,0,1
EMERRGENCY MEDICA,0,1
EMERTGENCY MEDICA,1,1
EMI,0,1
EMI,1,1
EMO,0,1
EMPI,0,4
EMPI,1,3
EMPIRE BC,0,1
EMPIRE BC NY,0,1
EMPIRE BC OF +,0,1
EMPIRE BCBS,0,2
EMPIRE BCBS,1,2
EMPIRE BCBS OF,0,1
EMPIRE BCBS P,0,1
EMPIRE BLUECROSS,1,1
EMPIRE SC,1,1
EMPL,1,1
EMPLOER INSURANCE,1,1
EMPLOYEE,0,2
EMPLOYEE PPO,0,1
EMPLOYEE SPONSOR,1,1
EMPLOYER,0,2
EMPLOYER,1,2
EMPLOYER BASED IN,1,1
EMPLOYER CLEVELAN,0,1
EMPLOYER HEALTH C,0,1
EMPLOYER INSURAN,0,1
EMPLOYER INSURANC,0,4
EMPLOYER INSURANC,1,1
EMPLOYER SPONSORE,1,1
EMPLOYER'S INSURA,0,1
EMPLOYER/AVMED,1,1
EMPLOYERS INSURAN,1,1
EMPLOYMENT,0,1
EMPLOYMENT,1,2
EMPLOYMENT INSURA,0,1
EMRGENCY MEDICAID,0,1
ENERGENCY MEDICAI,1,1
EPO,1,1
EPOC,1,1
EQUAL HLTH AND LI,0,1
ETHN,0,1
EVERCARE,0,12
EVERCARE,1,10
EVERCARE/BCBS,0,1
EVOL,0,1
EVOL,1,1
EVOLUTIONS,0,1
EVOLUTIONS,1,1
EVOLUTIONS TIER,0,1
EVOLUTIONS TIER 1,0,1
F.R.,0,1
FA EMA MD APPLIED,0,1
FA EMA MD APPLIED,1,3
FA FIN ASST AHCA,0,2
FA FIN ASST AHCA,1,1
FA FIN ASST HARDS,1,1
FA FINANCIAL ASST,0,1
FA PIN CNTY REFER,1,1
FAA,0,3
FAA,1,2
FAA W80,0,1
FAC,1,2
FACI,0,10
FACI,1,32
FACILILTY SPECIAL,0,1
FACILITY SP PROG,1,1
FACILITY SPEC,0,2
FACILITY SPEC PGM,1,1
FACILITY SPEC PRO,0,4
FACILITY SPEC PRO,1,1
FACILITY SPECIAL,0,95
FACILITY SPECIAL,1,104
FACILITY SPECIFIC,1,2
FACILITY SPECL PG,1,1
FACILTY SPECIAL P,0,1
FACITLITY SPECIAL,0,1
FAITH BASED SHARE,1,1
FAMI,0,1
FAMILY LIFE INSUR,1,1
FAMILY SHARE PLAN,0,1
FAP,0,148
FAP,1,321
FATHER HOME DELIV,0,1
FBOP,0,3
FBOP,1,1
FCE,0,1
FDOP,0,1
FED BC/BS,1,1
FEDE,0,1
FEDERAL,0,19
FEDERAL EMPLOYEE,0,1
FEDERAL INSURANCE,1,1
FEDERAL PPO,0,1
FEDERAL PROGRAM,0,1
FEE BASES,0,1
FEE BASIS/AETNA,0,1
FH INSURANCE,0,1
FH INSURANCE,1,1
FH ONLY,1,1
FHC,0,1
FHCA,1,1
FHCP,0,1
FHHS,0,2
FHHS,1,2
FHT INS,0,1
FIANCIAL ASSISTAN,0,1
FILING FOR MED,1,1
FIN ASST-MEDICAID,0,1
FIN AST AND MEDIC,0,1
FIN AST NEEDED,1,1
FIN AST UNISURED,1,1
FIN AST/UNINSURED,0,1
FINA,0,1
FINA,1,1
FINALCIAL ASS,0,1
FINALCIAL HEL,0,1
FINANACIAL ASSIST,0,1
FINANACIAL ASSIST,1,4
FINANCAIL AST NEE,1,1
FINANCAL AID,1,1
FINANCE ASSISTANC,1,1
FINANCED BY B+,0,1
FINANCIAL,1,1
FINANCIAL AID,1,1
FINANCIAL AID?,1,1
FINANCIAL ASS,0,1
FINANCIAL ASS,1,1
FINANCIAL ASSI,0,2
FINANCIAL ASSISAT,1,4
FINANCIAL ASSISST,1,1
FINANCIAL ASSIST,1,1
FINANCIAL ASSISTA,0,97
FINANCIAL ASSISTA,1,144
FINANCIAL ASSITAN,1,1
FINANCIAL ASST HA,0,1
FINANCIAL ASSTIST,1,1
FINANICAL ASSISTA,1,1
FINIANCIAL ASSIST,0,2
FINIANCIAL ASSIST,1,2
FININCIAL ASSISTA,0,1
FIRDT HEALTH,1,1
FIRS,0,3
FIRS,1,12
FIRST COAST,0,1
FIRST COAST ADVAN,0,3
FIRST COAST ADVAN,1,1
FIRST HEALTH,0,2
FIRST HEALTH,1,6
FIRST HEALTH AFFO,1,1
FIRST HEALTH INSU,0,1
FIRST HEALTH NETW,0,2
FIRST HEALTH NETW,1,1
FIRST HEALTH PPO,0,1
FIRST HLTH,1,1
FIRST HLTH ADM,0,1
FIRST HLTH PPO,0,2
FIRST HLTH PPO,1,4
FIRST SERVICE,0,1
FIRST SERVICE,1,1
FIRST SVC ADMN,1,1
FIRT,1,2
FISERV HEALTH,0,1
FL BLUE,0,3
FL BLUE,1,4
FL BLUE AND MEDIC,1,2
FL BLUE EXCHANGE,1,1
FL BLUE/MEDICAID,0,1
FL CARE ADVANTAGE,1,1
FL DEPT OF CORREC,0,2
FL H,1,2
FL HEALTHCARE,0,1
FL HEALTHY KID,0,1
FL HEALTHY KIDS,0,1
FL HEALTHY KIDS,1,1
FL HEATLTH CARE,1,1
FL HOSP INS,1,1
FL HOSPITAL,1,1
FL HOSPITAL HEALT,0,1
FL KID CARE,0,1
FL KIDS CARE,1,1
FL RATE,0,1
FLA BLUE,1,1
FLA BLUE SELECT,1,1
"FLA BLUE, MEDICAI",1,1
FLAR RATE,0,3
FLAR RATE,1,1
FLAT  RATE,0,1
FLAT FEES,0,1
FLAT FLAT,0,1
FLAT MATERNITY,0,14
FLAT MATERNITY,1,12
FLAT RAT,0,1
FLAT RATE,0,204
FLAT RATE,1,91
FLAT RATE FEE,0,3
FLAT RATEW,0,1
FLAT RAYE,0,1
FLAT REATE,0,1
FLATE,0,2
FLATE RATE,0,454
FLATE RATE,1,186
FLATE RATEN,0,1
FLATE RATGE,0,1
FLATRATE,0,1
FLD-KID CARE,1,1
FLHCP,1,1
FLOR,0,3
FLOR,1,3
FLORDA BLUE,0,1
FLORIDA  BLUE,0,1
FLORIDA 1ST,1,1
FLORIDA 1ST SE,1,1
FLORIDA BCBS,0,1
FLORIDA BLUE,0,26
FLORIDA BLUE,1,37
FLORIDA BLUE GATO,0,1
FLORIDA BLUE HMO,0,1
FLORIDA BLUE MY B,0,1
FLORIDA BLUE OPTI,1,1
FLORIDA BLUE SELE,0,1
FLORIDA BLUE SELE,1,1
FLORIDA BLUE THRO,0,1
FLORIDA BLUE/AFLA,1,1
FLORIDA BLUE/MEDI,0,3
FLORIDA BLUE/MEDI,1,4
FLORIDA BLUE/OBAM,0,1
FLORIDA HEALTH,0,1
FLORIDA HEALTH CA,0,1
FLORIDA HEALTH CA,1,1
FLORIDA HEALTHCAR,0,1
FLORIDA HEALTHCAR,1,1
FLORIDA HEALTHY K,0,2
FLORIDA HOSP CARE,0,1
FLORIDA HOSP HTHC,0,1
FLORIDA HOSPITAL,0,1
FLORIDA HOSPITAL,1,2
FLORIDA KID C,0,1
FLORIDA KID CA,0,1
FLORIDA KID CARE,0,1
FLORIDA KID CARE,1,1
FLORIDA KIDS CARE,0,1
FLORIDA STATE HOS,1,2
FMH,1,2
FORE,1,1
FOREIGN GOVERNMEN,0,1
FOREIGN SERVICE B,0,1
FORT,1,1
FORTIS INS CO,0,1
FR,0,1
FR,1,2
FREE,0,1
FREEDOM LIFE,0,1
FROM BELGIUM,0,1
G27,0,1
G29,0,3
G29,1,2
G31,0,1
G99,0,1
GA MEDICAID,0,1
GEHA,0,7
GEHA,1,6
GEHA AND MEDICAID,0,2
GEHA ASA,0,1
GEHA ASA,1,2
GEHA FEDERAL,1,1
GEHA FEDERAL PROG,0,5
GEHA FEDERAL PROG,1,1
GEHA INSURANCE,0,1
GEICO,0,1
GEICO,1,5
GELTA ASA,0,1
GENA ASA,1,1
GENERAL COMMERCIA,0,3
GENERAL COMMERICA,0,1
GENERIC,1,1
GENERIC AGENCY,0,2
GENERIC AGENCY,1,1
GENERIC AUTO,0,2
GENERIC COMERCIAL,1,2
GENERIC COMMERCIA,0,16
GENERIC COMMERCIA,1,35
GENERIC COMMERICA,1,1
GENERIC COMMERICI,1,1
GENERIC OTHER AGE,1,1
GENERICA COMMERCI,1,1
GEORGIA MEDICA,0,1
GHI BLUE CROSS,0,1
GILSBAR INC BEECH,0,1
GLOB,0,1
GLOB,1,1
GLOBAL,0,4
GLOBAL,1,1
GLOBAL LIFE,1,1
GLOBAL MEDICAL,1,1
GLOBAL PACKAG+,1,1
GLOBAL PACKAGE,0,1
GLOBAL PACKAGEMAT,0,1
GLOBAL PLAN,0,1
GMC INSURANCE,1,1
GNC,1,1
GOLD,1,3
GOLDEN RULE,0,5
GOLDEN RULE,1,3
GOLDEN RULE UNITE,0,1
GOVERMENT,0,2
GOVERMENT,1,1
GOVERMMENT,0,1
GOVERNMEN,0,1
GOVERNMENT,0,12
GOVERNMENT,1,2
GOVERNMENT INSURA,0,1
GOVERNMENT INSURA,1,1
GOVERNMENT VA,1,1
GPA,0,3
GRAN,0,1
GRANT FUND,0,1
GRANT PROGRAM,0,7
GRANT PROGRAM,1,17
GREA,0,2
GREA,1,15
GREAST WEST,0,1
GREAT WEST,0,7
GREAT WEST,1,5
GREAT WEST HC,0,1
GREAT WEST HMO,0,3
GREAT WEST HMOPOS,0,1
GREAT WEST POS,0,3
GREAT WEST POS,1,1
GREAT WEST PPO,0,3
GREAT WEST PPO,1,6
GREAT WEST/MEDICA,0,1
GRIC,1,1
GROU,0,5
GROU,1,5
GROUP,0,2
GROUP HEALTH PLAN,0,1
GROUP INS,0,1
GROUP INS,1,1
GROUP INS.,0,1
GROUP INSURAN,1,1
GROUP INSURANCE,0,4
GROUP INSURANCE,1,8
GROUP INSURANCE A,1,1
GROUP INSURENCE U,0,1
GROUP RESOURCE,1,1
GROUP RESOURCES,0,1
GROUP RESOURSES,0,1
GRP ADMIN LTD,0,1
GUAR,0,1
H,0,1
HA,0,1
HAINES CITY H.S.,0,1
HALTHEASE,0,2
HARR,1,2
HARRINGTON BEN,0,1
HASSAN MEDICAID H,0,1
HB AETNA HMO,0,2
HB AETNA/AETNA HM,1,1
HB BLUE CORSS/BC,1,1
HB BLUE CROSS,0,1
HB BLUE CROSS,1,1
HB BLUE CROSS/BC,0,5
HB BLUE CROSS/BC,1,5
HB BLUE CROSS/HEA,1,1
HB CHAMPUS TRICAR,0,3
HB CHAMPUS TRICAR,1,2
HB CHILDREN MED S,1,1
HB INTEGRAL H/P/M,1,1
HB LMHS CHARITY/C,0,3
HB MEDSAVE USA/FL,0,1
HB MISC AUTO/LIAB,0,1
HB MISC CON COMM,0,1
HB MUT MEDICARE,0,6
HB MUT MEDICARE,1,3
HB MUT MEDICARE A,0,1
HB MUT MEDICARE A,1,1
HB STAYWELL,0,2
HB STAYWELL/WELLC,0,3
HB UNITED HEALTH,0,3
HB UNITED HEALTH,1,1
HB WEB TPA,0,1
HB WEB TPA,1,1
HB WEB TPA/MANGED,0,1
HB/COMM/MISC,1,1
HC,0,3
HC CHARITY ASSIST,0,1
HC D,1,1
HC L,0,1
HC S,0,1
HC TAX DISTRICT,0,1
HCA BLUE,0,1
HCA UNITED HEALTH,0,1
HCD,0,584
HCD,1,339
HCD Y,1,1
HCDY,0,1
HCED-IRAQ,0,1
HEAL,0,14
HEAL,1,31
HEAL5TH EASE,1,1
HEALTH ADVANTA,0,1
HEALTH C DIST,1,1
HEALTH CARE DI,0,1
HEALTH CARE DI,1,1
HEALTH CARE DISTR,0,15
HEALTH CARE DISTR,1,9
HEALTH CARE SHARI,0,1
HEALTH CARE TAX D,0,2
HEALTH CARE TAX D,1,5
HEALTH CHOICE,0,3
HEALTH CHOICE,1,2
HEALTH DEPART,1,1
HEALTH DEPARTMENT,0,1
HEALTH DEPARTMENT,1,1
HEALTH DEPT,0,2
HEALTH DEPT,1,1
HEALTH DEPT AGREE,1,1
HEALTH DISTRICT,0,1
HEALTH EASE,0,4
HEALTH EASE,1,5
HEALTH EASE OF FL,0,1
HEALTH FIRST,0,4
HEALTH FIRST,1,3
HEALTH FIRST ADVA,1,1
HEALTH FIRST AND,1,1
HEALTH FIRST HEAL,0,1
HEALTH MARKETPLAC,1,1
HEALTH MNGMT,1,1
HEALTH NET,0,2
HEALTH NET VA,1,1
HEALTH OPTION,1,1
HEALTH OPTIONS,0,12
HEALTH OPTIONS,1,18
HEALTH OPTIONS HM,0,1
HEALTH OPTIONS HM,1,2
HEALTH OPTONS,1,1
HEALTH OPTS,1,1
HEALTH PLAN OF NE,1,1
HEALTH PLANS INCT,1,1
HEALTH SHARE,0,1
HEALTH SHARE,1,4
HEALTH SHARE MINI,1,1
HEALTH SHARE PLAN,0,1
HEALTH SHARING PL,1,1
HEALTH SHARING PR,1,1
HEALTH SMART,1,1
HEALTH SYS.MEMORI,1,1
HEALTH TAC DISTRI,1,1
HEALTH TAX DISTRI,0,2
HEALTH TAX DISTRI,1,1
HEALTHCARE DIST,1,1
HEALTHCARE DISTRI,0,17
HEALTHCARE DISTRI,1,7
HEALTHCARE SHARIN,0,1
HEALTHCARE SHARIN,1,1
HEALTHCARE TAX  D,1,1
HEALTHCARE TAX DE,1,1
HEALTHCARE TAX DI,0,9
HEALTHCARE TAX DI,1,31
HEALTHCARE TAX DR,0,1
HEALTHCARE TAX DR,1,1
HEALTHCARE TAX TI,1,1
HEALTHCARE TAXX D,1,1
HEALTHCARE.GOV,0,1
HEALTHCHOICE,0,3
HEALTHCHOICE,1,4
HEALTHEASE,0,40
HEALTHEASE,1,13
HEALTHEASE MEDICA,0,1
HEALTHEASE OF,0,2
HEALTHEASE OF,1,1
HEALTHEASE OF FLO,0,1
HEALTHEASE OF+,0,1
HEALTHESE,1,1
HEALTHNET,1,1
HEALTHNET/VA,0,1
HEALTHSCOPE,0,1
HEALTHSCOPE BENEF,0,1
HEALTHSHARE,0,1
HEALTHY EASY,0,1
HEALTHY KID,0,1
HEALTHY KIDS,0,8
HEALTHY KIDS,1,8
HEALTHY KIDS VIST,0,1
HEALTHY MOTHER,1,1
HEALTHY MOTHER HE,0,1
HEALTHY PALM BEAC,0,1
HEALTHY START,0,19
HEALTHY START,1,5
HEALTHY START COM,0,1
HEALTHY START PRO,0,2
HEALTHYKIDS,0,1
HEALTHYSTART PROG,1,1
HEATHEASE,1,1
HEATLHY START,0,1
HEC,1,1
HEIGHBORHOOD H,1,1
HELATH CARE D,0,1
HELP,0,1
HELTHEASE,0,1
HERITAGE,0,1
HFHP,1,1
HIGH,0,3
HIGH,1,2
HIGHMARK,0,1
HIGHMARK  BCBS OF,1,1
HIGHMARK BC,0,4
HIGHMARK BC,1,2
HIGHMARK BC OF,0,1
HIGHMARK BC PA,0,1
HIGHMARK BCBS,0,2
HIGHMARK BCBS,1,2
HIGHMRK BCBC PENN,0,1
HILLSBORO CO ASSI,0,1
HILLSBOROUGH CTY,1,1
HIS ADREIMA,0,1
HIX AMBETTER,0,1
HLTH ASSURANCE,1,1
HLTH OPT/MEDICAID,0,1
HLTH OPTION/BC,0,1
HLTH OPTION/MEDIC,0,2
HLTH OPTIONS,0,1
HLTH OPTIONS.TRIC,0,1
HLTH OPTIONS/BLUE,0,1
HLTH OPTIONS/MEDI,0,3
HLTH OPTIONS/MEDI,1,1
HLTH OPTIONS/PRES,1,1
HLTH OPTIONS/TRIC,0,1
HLTH PARTNERS,0,1
HLTH/BC,0,1
HLTH/BC,1,2
HLTH/MEDICAID,0,8
HLTH/MEDICAID,1,11
HMO,0,22
HMO,1,6
HMO AVMED,1,1
HMO CIGNA,1,1
HMO H-F,0,1
HMO HEALTHEASE,1,1
HOME,0,23
HOME,1,29
HOME BIRTH,0,86
HOME BIRTH,1,98
HOME BIRTH NONE,1,1
HOME DELIVERY,0,10
HOME DELIVERY,1,9
HOME DELIVERY PAR,0,1
HOMEBIRTH,0,4
HOMEBIRTH,1,10
HOMELAND/MEDICAID,0,1
HOMELESS GRANT,1,1
HOPE,0,1
HOPE CHARITY/ST V,0,1
HOPE PROGRAM,0,1
HORIZON BC BS OF,1,1
HORIZON BCBS OF N,1,1
HOSP,0,1
HOSPICE OF FL SC/,0,1
HOSPITAL CHARITY,1,1
HOSPITAL INDEMNIT,0,1
HOSPITAL MEDICAL,0,1
HP WEB TPA,0,1
HPHCP,0,1
HRA FUND,0,1
HRMC,1,1
HSA,0,6
HSA ACCOUNT,0,1
HTLH OPTIONS/MEDI,0,1
HUMA,0,1
HUMA,1,10
HUMAMA-MEDICAID H,0,1
HUMAN CLAIMS OFFI,0,1
HUMAN HEALTH INSU,0,1
HUMAN-CHOICE CARE,1,1
HUMAN/BC,0,1
HUMANA,0,60
HUMANA,1,14
HUMANA - MDCD HM,1,1
HUMANA - MEDCAID,0,1
HUMANA - MEDICAID,0,20
HUMANA - MEDICAID,1,13
HUMANA -MEDICAID,0,2
HUMANA -MEDICAID,1,2
HUMANA ALL MEDICA,0,1
HUMANA AND MEDICA,1,1
HUMANA CHOICE CAR,0,1
HUMANA CLAIMS OFF,1,1
HUMANA CPO,0,1
HUMANA EAST/TRICA,1,1
HUMANA EXCHANGE-Z,0,1
HUMANA FAMILY,0,1
HUMANA FAMILY,1,1
HUMANA GOLD PLUS,0,1
HUMANA HEALTH COM,0,6
HUMANA HEALTH PLA,1,1
HUMANA HIX,1,2
HUMANA HMO,0,7
HUMANA HMO,1,8
HUMANA HMO POS,0,1
HUMANA HMO POS,1,1
HUMANA MAEDICAID,1,1
HUMANA MCD,0,136
HUMANA MD HMO,0,2
HUMANA MDCD HMO,1,1
HUMANA MDCD HMO -,0,2
HUMANA MDCD HMO L,0,11
HUMANA MDCD HMO L,1,2
HUMANA MDCD HMO-,0,1
HUMANA MDCD HMO-L,0,8
HUMANA MDCD HMO-L,1,1
HUMANA MECICAID,0,1
HUMANA MEDICAD HM,1,2
HUMANA MEDICADE H,0,1
HUMANA MEDICAID,0,18
HUMANA MEDICAID,1,8
HUMANA MEDICAID H,0,30
HUMANA MEDICAID H,1,32
HUMANA MEDICARE,0,2
HUMANA MEDICARE,1,1
HUMANA MEDICARE H,1,1
HUMANA MEDICARE P,0,1
HUMANA MILITA,0,1
HUMANA MILITARY,0,1
HUMANA MILITARY,1,1
HUMANA MILITARY T,1,1
HUMANA POS,0,1
HUMANA PPO,0,3
HUMANA PPO,1,1
HUMANA PPO ASO,0,3
HUMANA PPO ASO,1,1
HUMANA TRICARE,1,2
HUMANA WITH M,1,1
"HUMANA, MEDICAID",1,1
HUMANA- MEDICAID,0,1
HUMANA-CHOICE CAR,0,1
HUMANA-GOLD PLUS/,1,1
HUMANA-MEDICAID,0,1
HUMANA-MEDICAID H,0,1
HUMANA-MEDICAID H,1,2
HUMANA-TRICARE,0,1
HUMANA/ PCA MDCD,0,2
HUMANA/AETNA,0,1
HUMANA/BC,0,2
HUMANA/MCD,0,1
HUMANA/MEDICAID,0,11
HUMANA/MEDICAID,1,2
HUMANA/MEDICIAD,0,1
HUMANA/PCA MDCD H,0,5
HUMANA/SELF PAY,0,1
HUMANA/TRICARE,0,1
HUMANAN,0,1
HUMANO HMO,1,1
HUMONA,0,1
HUNT,0,2
IHS,0,1
IN JAIL,0,1
INCARCERATED,1,1
INCARCERATED HIGH,1,1
INCARE,0,1
INDEP BC OF PA,0,1
INDEPENDENCE BC,0,1
INDEPENDENT HEALT,1,1
INDI,0,1
INDIAN HEALTH,0,1
INDIAN HEALTH SER,0,2
INDIGENT,0,1
ININSURED,0,6
ININSURED,1,12
INMATE,0,4
INMATE,1,3
INMATE INSURANCE,1,1
INMATE POLK COUNT,1,1
INP,0,1
INS,1,1
INS CENTER,0,1
INS/SELF-PAY,0,1
INSTALLMENT PLAN,0,1
INSU,0,1
INSU,1,3
INSUR & MEDICA,1,2
INSURANCE,0,4
INSURANCE,1,2
INSURANCE AETNA,0,1
INSURANCE AND HSA,1,1
INSURANCE AND SEL,1,1
INSURANCE EMPLOYE,0,1
INSURANCE FROM WO,0,1
INSURANCE THROUGH,0,1
INT MEDICAL,0,1
INT MEDICAL,1,1
INT',0,2
INT',1,27
INT'L PKG,1,1
INT'L SELF PAY,1,1
INT;,1,1
INTE,1,1
INTEGRA,0,3
INTEGRAL,0,10
INTEGRAL HEALTH P,0,1
INTEGRAL MCD,0,77
INTEGRAL MECICAID,0,1
INTEGRAL QUALITY,1,1
INTEGRIAL MCD,0,1
INTERGAL MCD,0,1
INTERNANTIONAL,0,1
INTERNATION MEDIC,0,1
INTERNATIONAL,0,27
INTERNATIONAL,1,10
INTERNATIONAL DEP,0,1
INTERNATIONAL INS,0,1
INTERNATIONAL INS,1,3
INTERNATIONAL MIS,0,1
INTERNATIONAL PRI,0,1
INTERNATIONAL Z06,0,1
INTERNETIONAL,0,2
INTL,1,1
INTL BEST DR UNIT,0,1
INTL CAYMAN GOVT,0,1
INTL CIGNA,0,1
INTL INSURANCE,1,1
INTL PACKAGE,1,4
INTL PKG SELFPAY,0,1
INTL VUMI,0,1
INTL VUMI,1,1
INTL WORLDWIDE ME,1,1
INTRL PACKAGE,1,1
ISUR,0,1
J11,0,1
JACKSON,1,1
JACKSON CARD,0,50
JACKSON CARD,1,36
JACKSON CARD E02,0,1
JACKSON CARD- J02,0,1
JACKSON E02,0,1
JACKSON HEALTH CA,1,1
JACKSON HEALTH SY,1,1
JACKSON MEDICAL P,0,1
JACKSON PRIME CON,0,1
JACKSON QUALI,0,1
JACKSONCARD,0,1
JAIL,0,1
JAIL INSURANCE,0,1
JAMES A HALEY,0,1
JAMES V HALEY VA,0,1
JHMMP,0,1
JMC CIGNA INSURAN,1,1
JMG HEALTHSUN PAS,0,1
JMH,0,5
JMH,1,5
JMH CARD,0,1
JMH CARD,1,3
JMH HEALTH PL,0,1
JMH HEALTH PL+,0,1
JMH HEALTH PLA,1,2
JMH HELATH PL+,1,1
JMH PLAN,1,1
JMHHP,0,19
JMHHP,1,8
JMMHP,1,1
JOB,1,1
JOHN ALDEN LIFE I,1,1
JUVENILE JUSTICE,0,1
K21 AETNA,1,1
KID,0,1
KID CARE,1,1
KID-CARE,0,1
KIDC,1,1
KIDCARE,0,1
KIDCARE-MEDIKIDS,1,1
KIDS CARE,1,1
LAKE CNTY JAIL,0,1
LAKE CNTY JAIL,1,1
LAKE COUNTY CORRE,0,2
LAKE COUNTY JAIL,1,1
LAKESHORE HOSPITA,0,1
"LAZARUS, SASHA",0,1
LBA HEALTH,0,1
LEE,1,1
LEE CO CUST EM,0,1
LEE COUNTY SHERIF,0,4
LEE CTY JAIL,1,1
LEE MEM,0,1
LEE MEM WEBTPA,0,2
LEE MEMORIAL,0,2
LEE MEMORIAL W,0,1
LEE WEB TPA,0,1
LESAHARRIGAN_90@Y,0,1
LHMS CHARITY,0,1
LHP,0,1
LHP EMP MERITAIN,1,1
LIAB,0,1
LIBERTY HEALTH SH,0,4
LIBERTY HEALTH SH,1,2
LIBERTY HEALTHSHA,0,1
LIBERTY HEALTHSHA,1,2
LIBERTY MED SHARE,0,1
LIFE,1,2
LIGHTHOUSE,0,2
LIGHTHOUSE,1,2
LIGHTHOUSE HEALTH,1,1
LIGNA,0,1
LIMITED MEDICAL,0,1
LK COUNTY JAIL,0,1
LMH CHARITY,0,2
LMHS CHARITY,0,12
LOAN,0,1
LOWELL CORRECTION,1,1
M,0,1
M PLUS,1,1
MA DISAB/APPLIED,0,1
MA N,1,1
MA NON-CITIZEN FU,0,1
MA PEND,0,1
MA UNITED HEALTHC,0,2
MA-NON CITIZEN FU,0,1
MA-UNTIED HEALTHC,0,1
MA/MOLINA HCR,1,1
MA/UNITED HEALTHC,0,3
MADICAID AND PRIV,0,1
MAERIHEALTH CARIT,1,1
MAGEL,1,1
MAGELAN COMPLETE,1,1
MAGELLA COMPLETE,1,1
MAGELLAN,0,1
MAGELLAN CARE COM,1,1
MAGELLAN CMPLETE,0,1
MAGELLAN CMPLETE,1,1
MAGELLAN COMP CAR,0,1
MAGELLAN COMP CAR,1,1
MAGELLAN COMPETE,0,1
MAGELLAN COMPETE,1,1
MAGELLAN COMPLETE,0,77
MAGELLAN COMPLETE,1,71
MAGELLAN HMO,0,1
MAIMI-D CNTY E03,0,1
MAIN,1,1
MAINECARE,0,1
MAJELLAN,0,1
MAMSI LIFE INS,0,1
MANAGED CARE,0,10
MANAGED CARE,1,1
MANATEE YOUR CHOI,0,1
MARION COUNTY CHA,0,1
MARION COUNTY INM,0,3
MARION COUNTY INM,1,1
MARION COUNTY JAI,0,2
MARION COUNTY SHE,0,1
MARKET PLACE,0,3
MARKET PLACE,1,1
MARKET PLACE INS,1,1
MARKETPLACE,0,5
MARKETPLACE,1,5
MARKETPLACE INSUR,0,1
MARTIN COUNTY,0,1
MARTIN COUNTY COR,0,1
MASS,1,1
MASS HEALTH,1,1
MATERN PKG,0,1
MATERNITY PACK,1,2
MATERNITY PACKAGE,0,3
MATERNITY PACKAGE,1,2
MATERNITY PKG PLA,0,5
MATERNITY PKG PLA,1,5
MATERNITY PLAN,0,1
MATERNITY PROG,0,1
MATERNITY SPEC,0,1
MAXOR,0,1
MAYBE MEDICAID,1,1
MAYO CHOICE FL,0,1
MAYO MEDICA AND M,1,1
MAYO MEDICAL PLAN,1,1
MAYO/MEDICAID,1,1
MC COJ UF HEALTHC,1,1
MC FL PNDNG,0,1
MC FL PNDNG,1,1
MC HLTH OPTION,0,1
MC PEND,0,3
MC UF HEALT DIREC,0,1
MC UF HEALTH DIRE,1,5
"MC, PRIVATE",1,2
MCARE,0,2
MCARE,1,2
MCCD PNDNG,0,1
MCD,0,9
MCD,1,627
MCD - PRIVATE,1,1
MCD FFL PENDING,0,1
MCD FL PEND,0,16
MCD FL PEND,1,1
MCD FL PENDIN,0,1
MCD FL PENDING,0,284
MCD FL PENDING,1,124
MCD FL PNDNG,0,78
MCD FL PNDNG,1,56
MCD HMO,0,4
MCD HUMANO,0,1
MCD PASS,0,1
MCD PEDING,0,2
MCD PEND,0,344
MCD PEND,1,37
MCD PEND A,0,16
MCD PEND AG,0,1
MCD PENDGING,0,1
MCD PENDIGN,1,1
MCD PENDIING,1,1
MCD PENDIN,0,1
MCD PENDING,0,1841
MCD PENDING,1,661
MCD PENDING +A,0,1
MCD PENDING A,0,91
MCD PENDING A,1,1
MCD PENDING A+,0,14
MCD PENDING AC,0,1
MCD PENDING AG,0,6
MCD PENDINGA,0,2
MCD PENDINGY,0,1
MCD PNDNG,0,158
MCD PNDNG,1,86
MCD PNDNGE,0,1
MCD UHC COMMUNITY,1,1
MCD- PENDING,0,2
MCD-PENDING,0,21
MCD-PNDNG,0,9
MCE PENDING,1,1
MCH PENDING,0,1
MCI PENDING,0,1
MCM MAX CARE,0,1
MCR,0,1
MCR MUTUAL,0,1
MCR MUTUAL A/B,1,1
MCR MUTUAL AB,0,2
MCR MUTUAL AB,1,1
MCR MUTUAL PART A,1,1
MCR WB AB,0,1
MCR WB AB,1,1
MCR WPS AB,0,5
MCR WPS AB,1,2
MCS PENDING A,0,1
MD PEND,0,1
MDC,1,1
MDC MUTUAL A/B,1,1
MDC PNDNG,0,1
MDCD HMO - L4,1,1
MDICAID PENDING,0,1
MDSAVE,0,1
MED,0,6
MED,1,5
MED BENEFITS,0,1
MED PEND,0,1
MED PENDING,0,6
MED PENDING,1,1
MED PNDNG,0,1
MED SHARE,1,1
MED SHARE POLICY,1,1
MED STAFF/FAMI,0,1
MED&,0,1
MED-SHARE,0,1
MED.APP.FOR,0,1
MEDA,0,1
MEDA,1,1
MEDASHARE,1,1
MEDASSIST,0,1
MEDASSIST,1,1
MEDASSIST PENDING,0,2
MEDCAID PENDING,0,3
MEDCAID PENDING,1,1
MEDCO HEALTH,1,1
MEDCOST,1,1
MEDI,0,44502
MEDI,1,85399
MEDI PASS,0,1
MEDI PASS,1,1
MEDI SHARE,0,8
MEDI SHARE,1,5
MEDI SHARE PHCS N,0,1
MEDI-SHARE,0,17
MEDI-SHARE,1,23
MEDI-SHARE CHRIST,0,1
MEDI-SHARE PHCS,1,1
MEDIC ARE,0,1
MEDICAD PENDIN,1,1
MEDICAD PENDING,0,2
MEDICAD PENDING,1,4
MEDICADE & PRIVAT,0,1
MEDICADE PENDING,0,26
MEDICADE PENDING,1,6
MEDICAI/MEDICAID,1,1
MEDICAIC PENDING,0,1
MEDICAID,0,975013
MEDICAID,1,658382
MEDICAID  PENDING,1,1
MEDICAID & AETNA,0,1
MEDICAID & BC/BS,1,1
MEDICAID & HUMANA,0,1
MEDICAID & MEDICA,0,1
MEDICAID & PR,0,1
MEDICAID & PRIVAT,0,26
MEDICAID & PRIVAT,1,5
MEDICAID (PENDING,0,1
MEDICAID *& INS,1,1
MEDICAID - OUT OF,1,1
MEDICAID -EMERG A,0,1
MEDICAID -OUT OF,0,1
MEDICAID / BLUECR,0,1
MEDICAID AND M,1,1
MEDICAID AND PRIV,0,6
MEDICAID AND PRIV,1,2
MEDICAID APPL,0,1
MEDICAID APPLICAT,0,12
MEDICAID APPLIED,0,2
MEDICAID EMERGENC,0,4
MEDICAID EMERGENC,1,1
MEDICAID FL PENDI,0,1
MEDICAID IN PRO,1,1
MEDICAID IS P,0,1
MEDICAID MEDIPASS,1,1
MEDICAID OEND,0,1
MEDICAID OF ALABA,0,1
MEDICAID OUT OF S,0,4
MEDICAID OUT OF S,1,3
MEDICAID OUT+,0,1
MEDICAID PEDNING,0,2
MEDICAID PEDNING,1,1
MEDICAID PEN,0,1
MEDICAID PEND,0,82
MEDICAID PEND,1,113
MEDICAID PEND+,0,6
MEDICAID PEND+,1,2
MEDICAID PEND.,1,15
MEDICAID PENDI,0,7
MEDICAID PENDI,1,23
MEDICAID PENDIG,0,2
MEDICAID PENDIG,1,1
MEDICAID PENDIN,1,1
MEDICAID PENDIND,0,1
MEDICAID PENDIND,1,1
MEDICAID PENDING,0,2452
MEDICAID PENDING,1,1371
MEDICAID PENDING/,1,2
MEDICAID PENDING?,0,2
MEDICAID PENDINGQ,0,2
MEDICAID PENDNG,1,1
MEDICAID PENDNIG,0,1
MEDICAID PENDONG,0,2
MEDICAID PENGING,1,1
MEDICAID PENIDING,1,1
MEDICAID PENIDNG,1,1
MEDICAID PND,0,6
MEDICAID PND,1,2
MEDICAID PNDING,0,1
MEDICAID PNDNG,0,6
MEDICAID PNDNG,1,7
MEDICAID PRIM,0,1
MEDICAID PRIV,0,1
MEDICAID SHARE OF,0,2
MEDICAID SHARE OF,1,5
MEDICAID SOC,1,1
"MEDICAID, BLUE CR",1,1
"MEDICAID, PRIVATE",0,1
"MEDICAID, SELF PA",0,1
"MEDICAID,P.INS.",1,1
"MEDICAID,PRIVATE",0,1
"MEDICAID,PRIVATE",1,1
MEDICAID-PENDING,0,2
MEDICAID-SHARE OF,1,1
MEDICAID/AETNA,0,1
MEDICAID/AETNA,1,1
MEDICAID/BC,0,3
MEDICAID/BLUE CRO,1,1
MEDICAID/BS,0,1
MEDICAID/CHARITY,0,2
MEDICAID/CHARITY,1,5
MEDICAID/CHN,0,1
MEDICAID/CIGNA,0,1
MEDICAID/CIGNA,1,1
MEDICAID/HLTH OPT,0,1
MEDICAID/INSURANC,0,1
MEDICAID/MAYO,1,1
MEDICAID/MEDICARE,0,1
MEDICAID/MEDICARE,1,2
MEDICAID/PRIV,1,1
MEDICAID/PRIVATE,0,5
MEDICAID/PRIVATE,1,5
MEDICAID/TRICARE,0,1
MEDICAID/TRICARE,1,1
MEDICAID/UNITED,0,1
MEDICAIDE PENDING,0,1
MEDICAIDPEND,1,1
MEDICAIN PEND,0,1
MEDICAIN PENDING,0,1
MEDICAIR,1,1
MEDICAIRE,0,2
MEDICAIRE,1,2
MEDICAL EMERGENCY,0,1
MEDICAL MUTUAL,0,2
MEDICAL NEEDY,0,1
MEDICAL SHARING,0,1
MEDICAL SHARING,1,2
MEDICALL NEEDED M,1,1
MEDICALLY NEEDY,0,3
MEDICALLY NEEDY,1,1
MEDICALLY NEEDY A,1,1
MEDICALLY NEEDY/S,0,1
MEDICAQRE,0,1
MEDICAR,0,1
MEDICARD,0,2
MEDICARE,0,612
MEDICARE,1,456
MEDICARE & MEDICA,0,1
MEDICARE & MEDICA,1,2
MEDICARE - ACUTE,1,2
MEDICARE A,0,11
MEDICARE A,1,7
MEDICARE A & B,1,2
MEDICARE A /MEDIC,0,1
MEDICARE A AND B,1,2
MEDICARE A&B,0,1
MEDICARE A&B,1,3
MEDICARE A&B/MEDI,0,1
MEDICARE A-B,1,1
MEDICARE A/B,0,1
MEDICARE A/B,1,1
MEDICARE A/MEDICA,0,1
MEDICARE AB,0,1
MEDICARE ACUTE,0,3
MEDICARE ACUTE,1,2
MEDICARE ACUTE IP,1,1
MEDICARE ADVANTAG,1,1
MEDICARE AND MEDI,0,6
MEDICARE AND MEDI,1,6
MEDICARE B,1,2
MEDICARE BC,1,1
MEDICARE DISABILI,0,2
MEDICARE FC AB,0,2
MEDICARE FC AB,1,2
MEDICARE HM,0,1
MEDICARE HMO,1,2
MEDICARE HMO/HUMA,0,1
MEDICARE HUMANA,1,1
MEDICARE IP,0,4
MEDICARE IP,1,7
MEDICARE IP /OP,0,1
MEDICARE IP AND O,1,1
MEDICARE IP/MEDIC,1,1
MEDICARE IP/OP,0,2
MEDICARE IP/OP,1,4
MEDICARE IP/OP &,0,1
MEDICARE MUTAL PA,1,1
MEDICARE MUTU,0,1
MEDICARE MUTUA,0,1
MEDICARE MUTUAL,0,1
MEDICARE MUTUAL,1,1
MEDICARE MUTUAL A,0,1
MEDICARE PART,0,3
MEDICARE PART,1,1
MEDICARE PART A,0,5
MEDICARE PART A &,1,3
MEDICARE PART A&B,0,1
MEDICARE PART AB,1,1
MEDICARE PART B,0,2
MEDICARE PART B,1,1
MEDICARE PENDING,0,2
MEDICARE SHARE,0,1
MEDICARE SUPPLEME,0,2
MEDICARE UNITED,0,1
MEDICARE WELLCARE,1,1
MEDICARE WPS AB,0,1
MEDICARE&MEDICAID,0,1
"MEDICARE,MEDICADE",0,1
"MEDICARE,PRIVATE",0,1
MEDICARE- ACUTE I,0,5
MEDICARE- ACUTE I,1,6
MEDICARE- IME- A1,1,1
MEDICARE-ACUTE,0,5
MEDICARE-ACUTE,1,1
MEDICARE-ACUTE IP,0,7
MEDICARE-ACUTE IP,1,6
MEDICARE-CAID,1,1
MEDICARE-IME-A10,0,1
MEDICARE/DISABLED,0,2
MEDICARE/MEDI,0,2
MEDICARE/MEDIC,0,2
MEDICARE/MEDIC,1,1
MEDICARE/MEDICADE,1,1
MEDICARE/MEDICAID,0,22
MEDICARE/MEDICAID,1,10
MEDICARE/MEDICIAD,0,1
MEDICARE/PART A &,1,1
MEDICARE/SSDI,0,1
MEDICARE/TRICARE,0,1
MEDICARE/TRICARE,1,1
MEDICARE/TRICARE/,0,1
MEDICATID PENDING,0,1
MEDICIAD PEND,1,1
MEDICIAD PENDING,0,6
MEDICIAD PENDING,1,11
MEDICIAID PENDING,0,1
MEDICIAID PENDING,1,3
MEDICICARE,1,1
MEDICURE-ACUTE,0,1
MEDIOS PROPIOS,0,1
MEDIPAS,0,1
MEDIPAS,1,1
MEDIPASS,0,232
MEDIPASS,1,149
MEDIPASS  IP,1,1
MEDIPASS IP,0,7
MEDIPASS IP,1,12
MEDIPASS OP,0,1
MEDIPASS OP,1,2
MEDISHARE,0,46
MEDISHARE,1,35
MEDISHARE MEDICAL,1,1
MEDSHARE,0,1
MEGA,0,1
MEGA LIFE,0,1
MEGA LIFE,1,1
MEGA LIFE PPO,1,1
MEGALIF HEAL+,0,1
MEGALLAN COMPLETE,1,2
MEIC,0,1
MEICAID PENDING,0,1
MEIDCAID PENDING,0,1
MEIDCAID PENDING,1,1
MEIDCAIDE PENDING,0,1
MEIDCARE,1,1
MEIDCARE A,0,1
MEIDPASS,0,2
MELINA,0,1
MELINA,1,1
MEM.,0,1
MEMORIAL,0,1
MEMORIAL CARD,0,9
MEMORIAL CARD,1,10
MEMORIAL CARE,0,2
MEMORIAL CLINIC C,1,1
MEMORIAL HEAL,1,1
MEMORIAL HEAL+,0,1
MEMORIAL HEALT,0,1
MEMORIAL HEALT+,0,1
MEMORIAL HEALTH,1,1
MEMORIAL HEALTH C,0,1
MEMORIAL HEALTH C,1,1
MEMORIAL MANA,0,1
MEMORIAL PRIM,1,3
MEMORIAL PRIM+,0,1
MEMORIAL PRIMARY,0,1
MEMORIAL PRIMARY,1,3
MEMORIAL PRIME,0,1
MENDIACID PENDINF,1,1
MERCI CLINIC INSS,0,1
MERCY DR APOPKA C,1,1
MERGENCY MEDICAID,0,1
MERGENCY MEDICAID,1,1
MERICARE,1,1
MERIDAIN HLTH,1,1
MERITAIN,0,1
MERITAIN HEALTH,0,2
MERITAIN HEALTH,1,1
MERITAIN HEALTH -,0,1
MERITAIN HEALTH -,1,1
MERITAIN HEALTH A,1,1
"MERITAIN HEALTH,",0,1
"MERITAIN HEALTH,M",1,1
MERITAIN HLTH,0,1
MERITIAN HEALTH -,0,2
MERITIAN HEALTH A,0,1
MERTAIN HEALTH,1,1
MERTAIN HEALTH AN,0,1
MESICAID PENDING,0,1
METRO DADE CORREC,0,1
METTCARE OF GA,0,1
MGELLAN CCOMPLETE,1,1
MHBP,1,1
MIAIM--D CNTY,0,1
MIAMI - D - CNTY,1,1
MIAMI - D CNTY -,0,4
MIAMI - D CNTY -,1,6
MIAMI - D CNTY E0,0,1
MIAMI - D- CNTY -,0,1
MIAMI -D CNTY - 1,0,1
MIAMI -D CNTY - E,0,1
MIAMI -D CNTY - E,1,1
MIAMI -D CNTY - J,0,2
MIAMI -D CNTY E02,1,1
MIAMI -D CNTY-J03,0,1
MIAMI -D- CNTY J0,1,1
MIAMI -D-CNTY - E,1,1
MIAMI -D-CNTY-E02,0,1
MIAMI CHILDER HEA,1,1
MIAMI CHILDRE'S H,1,1
MIAMI CHILDREN 'S,1,1
MIAMI CHILDREN HE,0,6
MIAMI CHILDREN HE,1,3
MIAMI CHILDREN'S,0,11
MIAMI CHILDREN'S,1,1
MIAMI CHILDRENS,1,2
MIAMI CHILDRENS H,0,1
MIAMI CHILDRES HE,0,1
MIAMI D  CNTY-E11,0,1
MIAMI D CNTY,0,1
MIAMI D CNTY - J0,1,1
MIAMI D CNTY E 03,1,1
MIAMI D CNTY E02,0,2
MIAMI D CNTY E02,1,1
MIAMI D CNTY E03,0,1
MIAMI D CNTY-E03,0,1
MIAMI DADE CNTY -,0,2
MIAMI DADE CNTY -,1,1
MIAMI DADE CNTY E,0,2
MIAMI DADE CNTY E,1,1
MIAMI DADE CNTY J,1,1
MIAMI DADE CNTY-E,1,1
MIAMI DADE COUNTY,0,1
MIAMI DADE COUNTY,1,3
MIAMI DADE E02,0,1
MIAMI DADE E02,1,2
MIAMI DADE E03,0,2
MIAMI DADE J03,0,2
MIAMI VA,0,1
MIAMI- D CNTY E02,1,1
MIAMI-D CNTY,0,12
MIAMI-D CNTY,1,5
MIAMI-D CNTY - E,0,1
MIAMI-D CNTY - E0,0,5
MIAMI-D CNTY - E0,1,5
MIAMI-D CNTY - J0,0,7
MIAMI-D CNTY - J0,1,3
MIAMI-D CNTY -E02,0,1
MIAMI-D CNTY -E03,0,2
MIAMI-D CNTY -J02,0,1
MIAMI-D CNTY -J03,0,1
MIAMI-D CNTY -J04,1,1
MIAMI-D CNTY E02,0,40
MIAMI-D CNTY E02,1,15
MIAMI-D CNTY E03,0,21
MIAMI-D CNTY E03,1,13
MIAMI-D CNTY E04,0,1
MIAMI-D CNTY EO2,1,1
MIAMI-D CNTY J02,0,14
MIAMI-D CNTY J02,1,10
MIAMI-D CNTY J03,0,6
MIAMI-D CNTY J03,1,7
MIAMI-D CNTY J04,0,3
MIAMI-D CNTY J04,1,4
MIAMI-D CNTY- E02,0,6
MIAMI-D CNTY- E02,1,1
MIAMI-D CNTY- E03,0,2
MIAMI-D CNTY- J02,0,1
MIAMI-D CNTY- JO2,0,1
MIAMI-D CNTY-E02,0,27
MIAMI-D CNTY-E02,1,1
MIAMI-D CNTY-E03,0,8
MIAMI-D CNTY-E04,1,1
MIAMI-D CNTY-J02,0,7
MIAMI-D CNTY-J02,1,1
MIAMI-D CNTY-J03,0,8
MIAMI-D CNTY-J04,0,1
MIAMI-D CNTY-JO2,0,1
MIAMI-D COUNTY,0,1
MIAMI-D E03,1,1
MIAMI-D- CNTY,1,1
MIAMI-D-CNTY,0,2
MIAMI-D-CNTY - J0,0,1
MIAMI-D-CNTY-E02,1,1
MIAMI-D-CNTY-E03,1,2
MIAMI-D-CNTY-J02,0,1
MIAMI-DADE CNTY E,1,1
MIAMI-DADE CNTY J,1,1
MIAMI-DCNTY E02,1,1
MIAMI-DCNTY-E02,0,1
MIAMI-DCNTY-J02,0,1
MIAMI.D CNTY E03,1,1
MIAMI0D CNTY E03,1,1
MIAMI=D CNTY E02,1,1
MIAMIDADE CNTY- J,0,1
MICCOSUKEE HEALTH,1,1
MICHIGAN,0,1
MICHIGAN HEALTHU,0,1
"MICICARE,MEDICALL",1,1
MICOUSSUKI TR,0,1
MID,1,1
MIH CLINIC CARD,0,2
MIH PCC,0,1
MIH PCC,1,1
MIH PCC CARD,0,1
MIH-CLINIC CARD,0,1
MIH-PCC,0,1
MILI,0,198
MILI,1,223
MILINA HEALTHCARE,0,1
MILIT TIRCARE,0,1
MILIT TRICARE,0,9
MILIT TRICARE,1,4
MILITAIRY,1,1
MILITARY,0,36
MILITARY,1,17
MILITARY (CHAMPUS,0,1
MILITARY -VA,1,1
MILITARY CARE,0,1
"MILITARY INS, TRI",1,1
MILITARY INSU+,0,1
MILITARY INSURANC,1,1
MILITARY TRI CARE,1,1
MILITARY TRI-,0,1
MILITARY TRIA,0,1
MILITARY TRICARE,0,9
MILITARY TRICARE,1,6
MILITARY/TRICARE,0,1
MIMI-D-CNTY-E02,1,1
MINISTRIES SHARE,1,1
MISA PLAN,1,1
MISC COMERCIAL PR,0,1
MISC COMMERCIAL,0,1
MISC COMMERCIAL I,0,1
MISC COMMERCIAL I,1,1
MISC COMMERCIAL P,0,1
MISC INSURANCE,0,1
MISC PLAN,0,1
MISC PLAN,1,2
MISCELLANEOUS,1,1
MISCELLANEOUS - I,1,1
MISCELLANEOUS HMO,0,1
MISCELLANEOUS- IN,1,2
MISCELLANEOUS- MA,1,1
MISCELLANEOUS- MD,1,1
MISCELLANEOUS- PR,1,1
MISCELLANEOUS-GRO,0,1
MISCELLANEOUS-IND,0,1
MISCELLANEOUS-IND,1,2
MISCELLANEOUS-INT,0,3
MISCELLANEOUS-INT,1,3
MISS,1,2
MLB,0,1
MMCP,0,1
MMCP,1,2
MMR,0,1
MMSI,1,2
MMSI/BC,0,1
MMSI/MEDICARE A&B,0,1
MOLIMA,0,1
MOLIN MDCD HMO L4,0,1
MOLIN MDCD HMO L4,1,1
MOLINA,0,84
MOLINA,1,24
MOLINA  MDCD HMO,1,1
MOLINA HEALT CARE,0,1
MOLINA HEALTCARE,0,1
MOLINA HEALTCARE,1,1
MOLINA HEALTH,0,2
MOLINA HEALTH BEN,0,1
MOLINA HEALTH CAR,0,20
MOLINA HEALTH CAR,1,16
MOLINA HEALTH MAR,1,1
MOLINA HEALTH MD,0,2
MOLINA HEALTHCARE,0,242
MOLINA HEALTHCARE,1,130
MOLINA HEATHCARE,0,6
MOLINA HIX,0,2
MOLINA HIX,1,2
MOLINA HLTH CARE,1,1
MOLINA HLTH MD,0,1
MOLINA INSURANCE,0,1
MOLINA INSURANCE,1,1
MOLINA MARKET PLA,0,1
MOLINA MARKETPLAC,0,2
MOLINA MARKETPLAC,1,1
MOLINA MCD,0,2
MOLINA MDC HMO -,0,2
MOLINA MDCD,0,1
MOLINA MDCD - L4,0,1
MOLINA MDCD HM -,1,1
MOLINA MDCD HMO,0,6
MOLINA MDCD HMO,1,3
MOLINA MDCD HMO -,0,43
MOLINA MDCD HMO -,1,31
MOLINA MDCD HMO L,0,33
MOLINA MDCD HMO L,1,23
MOLINA MDCD HMO-,0,2
MOLINA MDCD HMO-L,0,34
MOLINA MDCD HMO-L,1,16
MOLINA MDCD MO -,1,1
MOLINA MECD - L4,1,1
MOLINA MEDICAID,0,3
MOLINA MEDICAID,1,1
MOLINA MEDICAID H,0,6
MOLINA MEDICAID H,1,2
MOLINA OBAMA CARE,1,1
MOLINA OF FLORIDA,1,1
MOLINE HEALTHCARE,1,1
MOLINE MDCD HMO L,1,1
MOLINO MARKET PLA,1,1
MOLNA HEALTHCARE,0,1
MOM CARE,0,1
MOMS MEDICAL INSU,1,1
MONE,1,1
MONEY ORDER,1,1
MONLINA HEATHCARE,0,1
MONTHLY PAY,1,1
MOTHER,1,1
MOTHER'S INSUR-UN,1,1
MOTHER'S INSURANC,1,1
MOTHERS REQUEST,0,2
MOTOR VEHICLE ACC,1,1
MULT,1,1
MULTI NATI UN,1,1
MULTI PRIME & PHC,1,1
MULTI/PHCS,0,1
MULTIPLAN,0,5
MULTIPLAN,1,6
MULTIPLAN OTHER,1,1
MULTIPLAN PPO,0,1
MUTUAL AB MEDICAR,1,1
MUTUAL MEDICARE,0,1
MUTUAL OF OMAHA M,0,3
MUTUAL OMAHA,0,1
MVA,1,1
MVP SERVICE CORP,1,1
MY BLUE,0,1
MY BLUE HIX,0,17
MY BLUE HIX,1,9
MY FL HEALTH SOLU,1,1
N,0,8
N,1,4
N/A,0,13
N/A,1,10
NA,0,2
NA,1,1
NACL,1,1
NALC,0,1
NALC,1,1
NALC FEDERAL PROG,0,1
NAPHCARE,0,3
NAPHCARE,1,2
NAPHCARE/COVENTAN,0,1
NBHD,0,1
NBHD STAR CARD,0,1
NBHD STAR CARD,1,7
NC NJ,1,1
NC STATE HEAL,0,1
NCAS,0,1
NCH FIRST SERV,1,1
NE BC OF PA,0,1
NEDICAID PENDING,0,1
NEIG,0,1
NEIG,1,1
NEIGHBORHOOD,1,2
NEIGHBORHOOD HEAL,0,5
NEIGHBORHOOD HEAL,1,2
NEIGHBORHOOD HTH,0,1
NHP,0,12
NHP,1,27
NHP HLTH INS,1,1
NICA BAPTIST,1,1
NICA PROGRAM,1,1
NICR WPS AB,0,1
NINSURED,0,1
NIPPON LIFE,1,1
NNE,0,1
NO,0,1
NO C,0,1
NO COST,1,1
NO FEE,0,2
NO HEALTH INS,0,1
NO HEALTH INS,1,2
NO HEALTH INSUNCE,1,2
NO HEALTH INSURAC,0,3
NO HEALTH INSURAC,1,3
NO HEALTH INSURAN,0,49
NO HEALTH INSURAN,1,34
NO HEALTH INSURNC,0,1
NO HEALTH INSURNC,1,1
NO HEALTH NO INSU,1,1
NO HEALTHY INSURA,0,1
NO HEALTHY INSURA,1,1
NO I,0,1
NO I,1,16
NO INS,0,13
NO INS,1,2
NO INS SIGNING,0,1
NO INSUR,0,1
NO INSURACE,0,3
NO INSURACE,1,4
NO INSURANCE,0,448
NO INSURANCE,1,245
NO INSURANCE @ TH,0,1
NO INSURENCE,1,1
NO INSURNACE,0,1
NO MEDICAID - REA,1,1
NO MEDICAL INSURA,0,1
NO MEDICAL INSURA,1,6
NO P,1,1
NO PAY,1,1
NO PRENTAL CA,1,1
NON,0,2
NON,1,2
NON-INSURANCE - M,1,1
NONCITIZENFUND,1,1
NONE,0,715
NONE,1,745
NONE AS YET,0,1
NONE HOME BIRTH,1,1
NONE LISTED,0,1
NONE MED PENDING,0,1
NONE(HOME BIRTH),0,1
NONEL,1,1
NONO,1,1
NONW,0,1
NORT,0,2
NORTH AMERICA ADM,1,1
NOT,0,2
NOT APPLICABLE,0,1
NOT INDICATED,1,1
NOT INSURED,0,1
NOT KNOWN,0,1
NOT ON FILE,1,1
NOT SPECIFIED,0,1
NOT SPECIFIED,1,1
NOT STATED,0,2
NOT STATED,1,1
NPPN-MSIC,1,1
NRECA,0,1
NULL,0,586336
NULL,1,65327
NUUN,0,1
NY MEDICAID,1,1
OB P,0,2
OB P,1,8
OB PACKAGE,0,1
OB PRE-PAY,0,1
OB PRE-PAY,1,1
OB PREPAID PAC,0,1
OB PREPAY,1,3
OBAMA,1,2
OBAMA CARA,1,1
OBAMA CARE,0,52
OBAMA CARE,1,15
OBAMA CARE AMBER,0,1
OBAMA CARE AMBETT,0,1
OBAMA CARE HEALTH,1,1
OBAMA CARE HUMANA,0,1
OBAMA CARE-AMBER,0,1
OBAMA CARE-OSCAR,1,1
OBAMA CARE/AMBER,0,2
OBAMA CARE/FLORID,1,1
OBAMA HEALTHCARE,0,3
OBAMACARE,0,38
OBAMACARE,1,25
OBAMACARE INSURAN,1,1
OBAMACARE MY BLUE,1,1
OBAMCARE,0,1
OBAMCARE,1,1
OBAMO CARE,1,1
OBANA CARE,0,1
OBMA CARE,1,1
OBMACARE,0,1
OBOMA CARE,0,1
OBS-OBSETRIC,0,2
OBS-OBSTETRIC,0,47
OBSTETRIC,0,1
OF WESTERN BCBS N,1,1
OKEECHOEE CO CORR,0,1
OLINA HEALTHCARE,0,1
ONE,0,2
ONE SHARE,0,1
ONE SHARE HEALTH,1,1
ONE SOURCE,1,1
OPTIMA HEALTH,0,1
OPTION 8,0,1
OPTUM,0,1
OPTUM,1,2
OPTUM VA,0,1
OPTUM VA,1,2
OPTUM VA CCN,0,4
OPTUM VA CCN,1,1
ORANGE,1,1
ORANGE CORRECTION,1,1
ORANGE COUNTY,1,1
ORANGE COUNTY COR,0,2
ORANGE COUNTY COR,1,1
ORANGE MEDICAL PL,1,1
OREGON HEALTH PLA,1,1
ORL. VA,0,1
ORLANDO COMM CORR,0,1
ORLANDO VA,0,3
ORLANDO VA,1,3
ORLANDO VA MC,1,1
ORLANDO VA MED CE,0,1
ORLANDO VA MEDICA,0,1
OSCAR,0,13
OSCAR,1,30
OSCAR HEALTH,1,11
OSCAR HEALTH HIX,0,1
OSCAR HEALTH PLAN,0,15
OSCAR HEALTH PLAN,1,44
OSCAR HEALTHCARE,0,2
OSCAR HEALTHPLAN,0,3
OSCAR HEALTHPLAN,1,1
OSCAR HELATH PLAN,1,2
OSCAR INDIVIDUAL,1,2
OSCAR INS OF FL,1,2
OSCAR INSURANCE,0,3
OSCAR INSURANCE,1,2
OSCRA,1,1
OTH LIAB,1,1
OTHER,0,2
OTHER,1,10
OTHER AFFA,0,1
OTHER GOVERNMENT,0,109
OTHER GOVERNMENT,1,81
OTHER INS PLANS P,0,1
OTHER INS PLANS/P,0,1
OTHER INSURANCE,1,1
OTHER RACE,0,2
OTHER SPECIFIED,0,161
OTHER SPECIFIED,1,132
OUT OF COUNTRY,0,1
OUT OF COUNTRY P8,0,1
OUT OF STATE,1,2
OUT OF STATE BC P,1,1
OUT OF STATE MCAI,1,1
OUT OF STATE MEDI,1,1
OUT-OF-STATE MEDI,1,1
OUTREACH AUTO,0,1
OXFO,1,2
OXFORD,0,3
OXFORD,1,1
OXFORD HEALTH PLA,1,1
OXFORD/UHC,0,1
OXFORD/UHC,1,1
P/INS AND MEDICAI,0,1
P21,0,3
P21,1,1
P70,0,17
P70,1,12
P88,0,3
P88,1,1
P88 OUT OF COUNTR,0,1
P99,0,4
P99,1,2
PACHAGE PRICE-U20,0,1
PACI,1,1
PACIFICARE,1,1
PACKAGE  PRICE -,1,1
PACKAGE PRICE,0,34
PACKAGE PRICE,1,12
PACKAGE PRICE  -,1,1
PACKAGE PRICE - 2,0,2
PACKAGE PRICE - I,0,1
PACKAGE PRICE - U,0,12
PACKAGE PRICE - U,1,15
PACKAGE PRICE -IN,0,1
PACKAGE PRICE -U2,0,4
PACKAGE PRICE -U2,1,3
PACKAGE PRICE ACC,0,2
PACKAGE PRICE INT,1,1
PACKAGE PRICE OP,0,2
PACKAGE PRICE OP,1,1
PACKAGE PRICE U20,0,5
PACKAGE PRICE U20,1,2
PACKAGE PRICE- IN,0,5
PACKAGE PRICE- IN,1,4
PACKAGE PRICE- U2,0,7
PACKAGE PRICE- U2,1,9
PACKAGE PRICE-INT,0,11
PACKAGE PRICE-INT,1,9
PACKAGE PRICE-U20,0,61
PACKAGE PRICE-U20,1,39
PACKAGE-PRICE,0,1
PAID,0,1
PAID AT OB OFFICE,1,1
PALME BEACH HEALT,0,1
PAN AMERICA,1,1
PAN AMERICAN AND,0,1
PAN AMERICAN LIFE,0,1
PAN LIFE AMERICAN,1,1
PANDING MEDICAID,1,1
PART OF MEDICAID,0,1
PASCO COUNTY JAIL,0,2
PASCO COUNTY JAIL,1,3
PASCO COUNTY SHER,0,1
PASTORAL CARE,0,1
PASTORAL CARE,1,1
PATI,1,1
PATIENT ASSISTANC,0,1
PATIENT IS INCARC,1,1
PATIENT LOAN PROG,1,1
PATIENT SAYS,0,1
PAYMENT NOT NEEDE,0,1
PAYMENT PENDING,0,1
PAYMENT PLAN,0,1
PAYMENT PLAN,1,2
PBSO,1,1
PCC-D5,1,1
PCD PENDING,0,1
PCIP,0,2
PCIP,1,2
PCJAIL,0,1
PCS,0,1
PEDICARE CMSN,0,1
PEDICARE COMMUNIT,0,1
PEDING MCD,0,1
PEDING MEDICAID,1,1
PEMDING MEDICAID,0,1
PEND,0,6
PEND,1,7
PEND MCD,0,2
PEND MEDICA,1,1
PEND MEDICAID,0,1
PEND/MCD,0,1
PENDIN MEDICAID,0,1
PENDINF MCD,0,1
PENDING,0,88
PENDING,1,153
PENDING ADEIMA,0,1
PENDING ADRE,1,1
PENDING ADREIMA,0,3
PENDING ADREIMA,1,5
PENDING ADREMIA,1,2
PENDING APPLICATI,0,1
PENDING COMM CARE,0,2
PENDING EMERGENCY,0,2
PENDING INSURANCE,0,3
PENDING MCD,0,105
PENDING MCD,1,2
PENDING MECAID,1,1
PENDING MED,0,1
PENDING MEDCAID N,0,1
PENDING MEDEICAID,0,1
PENDING MEDIC,0,3
PENDING MEDIC,1,5
PENDING MEDICA,0,4
PENDING MEDICA,1,4
PENDING MEDICAD,0,2
PENDING MEDICADE,0,3
PENDING MEDICADE,1,1
PENDING MEDICAID,0,209
PENDING MEDICAID,1,54
PENDING MEDICAID/,1,1
PENDING MEDICAL,1,1
PENDING MEDICARE,0,1
PENDING MEDICARE,1,2
PENDING MEDICIAD,0,2
PENDING MEDICIAD,1,2
PENGING FOR MEDIC,0,1
PENNSYLVANIA +,0,1
PEPW,0,1
PERSONAL,0,1
PESTIGE HEALTH CH,1,1
PHC OTHER,1,1
PHCS,0,7
PHCS,1,1
PHCS LIMITED PLAN,0,1
PHCS OTHER,0,1
PHCS PPO,1,1
PHCS- OTHER,1,1
PHCS/ALLIGIENCE,0,1
PHCS/PRIVATE HC S,0,1
PIA,0,1
"PIERRE, GERALD",1,1
PINELLAS COUNT,0,1
PINELLAS COUNT,1,2
PINELLAS COUNTY H,0,1
PINELLAS COUNTY J,1,1
PITTMAN & ASSO,0,1
PLAN 1,0,8
PLAN 1,1,3
PLAN GLOBAL DE MA,1,1
PLAN PAYMENTS,0,1
PMC FINANCIAL,1,1
PND MCD,0,7
PND MED,0,1
PND MEDICADA,0,1
PND MEDICAID,0,2
PNDNG,0,5
PNDNG MEDICA,1,1
PNDNG MEDICAID FO,0,1
PNDNG PROGR,0,2
POLK CORRECTIONAL,0,1
POLK COUNTY JAIL,0,1
POLK HEALTHCARE P,0,1
POLK JAIL,0,1
POSITIVE HEALTH C,0,8
POSITIVE HEALTH C,1,12
POSITIVE HEALTHCA,0,2
POSSIBLE MEDICAID,0,1
POSTIVIE HEALTH C,0,1
POTE,0,1
POTENCIAL MEDICAI,0,3
POTENCIAL MEDICAI,1,10
POTENCIAL MEICAID,1,1
POTENCIL MEDICAID,0,1
POTENTIAL MEDICAI,0,9
POTENTIAL MEDICAI,1,3
PPO,0,4
PPO,1,8
PRE,0,1
PRE HIGE HEALTH C,1,1
PRE PAID,0,1
PRE PAY,1,1
PRE-,0,2
PRE-,1,1
PRE-PAID OB P,1,1
PRE-PAY,0,1
PRE-PAY,1,1
PRED,0,1
PREF,1,1
PREF MED MD,0,1
PREFER CARE MCD,0,1
PREFER HLTH,0,1
PREFER MED MCD HM,1,1
PREFER MED PLAN H,0,10
PREFER MED PLAN H,1,1
PREFER MED PLAN M,0,4
PREFER MED PLAN M,1,1
PREFER MEDICAID,0,1
PREFERED CARE MCD,0,1
PREFERED MED PLAN,0,3
PREFERRED CARE PA,1,1
PREFERRED HEALTH,0,1
PREFERRED MED,1,1
PREFERRED MED PLA,0,2
PREFERRED MED PLA,1,1
PREFERRED MED+,1,1
PREFERRED MEDICAL,0,1
PREFERRED ONE,0,1
PREFFERED CHOI,1,1
PREGNANCY CRISIS,1,1
PREMERA BCBS,1,1
PREP,1,10
PREPAI OB PACKAGE,0,1
PREPAID,0,6
PREPAID,1,2
PREPAID OB,0,2
PREPAID OB,1,3
PREPAID OB PA,0,12
PREPAID OB PA,1,3
PREPAID OB PA+,0,3
PREPAID OB PAC,0,16
PREPAID OB PAC,1,6
PREPAID OB PACKAG,0,37
PREPAID OB PACKAG,1,4
PREPAID OB PAS,0,1
PREPAID OB PKG,0,24
PREPAID OB PKG,1,8
PREPAID OBPKG,0,1
PREPAID PLAN,1,1
PREPAY,0,5
PREPAY,1,1
PREPAYMENT PLAN,0,1
PREPD OB PAC,0,2
PREPD OB PKG,0,3
PREPD OB PKG,1,2
PREPD ON PAC,0,1
PRESITGE HEALTH M,0,1
PRESTEGE,1,1
PRESTIAGE HTH,0,1
PRESTIAGE MCD PSN,0,2
PRESTICE HEALTH C,0,1
PRESTIGE,0,16
PRESTIGE,1,5
PRESTIGE HEAL,0,2
PRESTIGE HEAL+,0,1
PRESTIGE HEALTH,0,1
PRESTIGE HEALTH,1,2
PRESTIGE HEALTH C,0,36
PRESTIGE HEALTH C,1,24
PRESTIGE HEALTH M,0,5
PRESTIGE HEALTH M,1,9
PRESTIGE HEALTHCH,0,1
PRESTIGE HELATH C,1,1
PRESTIGE HITH CHO,1,1
PRESTIGE HLTH,1,2
PRESTIGE HLTH  CH,0,1
PRESTIGE HLTH CHI,0,1
PRESTIGE HLTH CHI,1,2
PRESTIGE HLTH CHO,0,124
PRESTIGE HLTH CHO,1,81
PRESTIGE HLTH HOI,0,1
PRESTIGE MCD,0,1
PRESTIGE MD HMO N,0,1
PRESTIGE MEDICAID,0,1
PRETIGE HLTH CHOI,1,1
PREVINTER INS,1,1
PRIM,1,1
PRIMARY CARE,0,1
PRIMARY CARE CARD,0,1
PRIMARY CARE CLIN,0,2
PRIMARY HEALTH CA,0,1
PRIMARY HEALTH CL,0,1
PRIME PPO EVOLUTI,0,1
PRIME TRI CARE,1,1
PRIN,1,1
PRINCIPAL LIFE,0,1
PRIORITY HLTH,0,1
PRIS,0,1
PRIS,1,3
PRISON HEALTH,0,1
PRISON HEALTH,1,3
PRISON HEALTH SER,0,4
PRISON SERVICES,0,1
PRIV,0,52357
PRIV,1,95706
PRIVATE,0,5
PRIVATE,1,2
PRIVATE & MEDI,0,1
PRIVATE & MEDICAI,0,5
PRIVATE & MEDICAI,1,7
PRIVATE & MEDICAR,0,1
PRIVATE / MEDICAI,0,1
PRIVATE AND MEDIC,0,9
PRIVATE AND MEDIC,1,8
PRIVATE AND SELF,0,1
PRIVATE AND SELF-,0,1
PRIVATE INS & MED,1,1
PRIVATE INS/MEDCA,1,1
PRIVATE INS/MEDIC,1,6
PRIVATE INSURANCE,0,876528
PRIVATE INSURANCE,1,609875
PRIVATE INTERNATI,1,1
PRIVATE MEDICA,1,1
PRIVATE MEDICAID,1,1
PRIVATE PAY,0,3
"PRIVATE, MEDICAID",1,1
PRIVATE/ MEDICAID,0,1
PRIVATE/ MEDICAID,1,1
PRIVATE/ MISC-IND,1,1
PRIVATE/MECIAID,0,1
PRIVATE/MEDICA,0,1
PRIVATE/MEDICA,1,1
PRIVATE/MEDICADEN,0,1
PRIVATE/MEDICAID,0,12
PRIVATE/MEDICAID,1,56
PRIVATE/MEDICAL,1,1
PRIVATE/MEDICARE,1,1
PRIVATE/TRICARE,1,2
PRO,1,1
PRO BONO,0,10
PRO BONO,1,4
PRO MEDICAL DI,1,1
PRO-BONO,0,4
PRO-BONO,1,2
PROBONO,0,1
PROBONO,1,1
PROF,0,2
PROFESSIONAL CLAI,1,1
PROGRAM,0,1
PROGRESSIVE AUTO,1,1
PROVIDER ACCOUNT-,0,1
PT CURRENTLY INCA,0,1
PT INCAROCERA,0,1
PVT AND MEDICAID,1,1
PWA INSURANCE CAR,0,1
Q,1,1
Q06,0,1
QATAR EMBASSY,0,1
QHM,1,1
QUALCARE,0,1
QUALITY HEALTH,0,1
QULC,0,1
RATE RATE,1,1
REFUSES TO ANSWER,0,1
REINBURSEMENT INS,1,1
RELIGIOUS,0,1
RLAT RATE,0,1
RMSCO INC,0,1
"RODRIGUE, LINDA",1,1
ROYAL EBASSY+,1,1
ROYAL EMBASSY,0,1
ROYAL EMBASSY,1,2
ROYAL EMBASSY+,0,1
RRICARE,0,1
RSL SPEC,0,1
RSNF,1,1
RUFUSES TO ANS,1,1
S C H D,0,1
S DADE HOMELESS -,1,1
S F COMMUNITY,1,1
S/P PACKAGE,1,1
S98,0,2
SAMARITAN MINISTR,0,2
SAMARITAN MINISTR,1,1
SAMARITANS,1,1
SANUS HEALTH CORP,0,3
SANUS HEALTH CORP,1,1
SARMARK,0,1
SATYWELL-WELLCARE,1,1
SAUDI AIRLINES,1,1
SAUDI EMBASSY,0,1
"SC, MEDICAID",1,1
SCHD,0,17
SCHD,1,16
SCHD CLIENT,0,1
SCHD MEDICAID,0,1
SCHD PATIENT,0,1
SCHOOL BOARD,1,1
SEC DESIGNEE,0,1
SEL,1,1
SELF,0,7153
SELF,1,17321
SELF DELIVERY,0,1
SELF EMPLOYED,0,1
SELF FAY,0,1
SELF INS LEE,1,1
SELF INSURED,0,13
SELF INSURED,1,2
SELF PAID,0,2
SELF PAY,0,46
SELF PAY,1,20
SELF PAY - LEE SH,0,1
SELF PAY - NON RE,0,1
SELF PAY INS,1,1
SELF PAY MEDICAID,1,1
SELF PAY NON-RESI,1,1
SELF PAY PKG,1,1
SELF PAY/SHARE OF,1,1
SELF-INSURED BENE,0,1
SELF-PAY,0,163147
SELF-PAY,1,101156
"SELF-PAY,",1,1
SELFPAY,0,1
SEM.TRIBE,0,1
SEMI,1,2
SEMINIOLE TRIBE,1,1
SEMINOLE,1,1
SEMINOLE COUNT,0,1
SEMINOLE COUNTY H,0,5
SEMINOLE COUNTY H,1,4
SEMINOLE HEALTH D,0,1
SEMINOLE HEALTH D,1,1
SEMINOLE INDIAN F,1,1
SEMINOLE INSU,1,1
SEMINOLE TRIB,0,2
SEMINOLE TRIB+,0,1
SEMINOLE TRIBE,0,18
SEMINOLE TRIBE,1,5
SEMINOLE TRIBE FL,0,3
SEMINOLE TRIBE HE,0,3
SEMINOLE TRIBE HE,1,1
SEMINOLE TRIBE HL,0,1
SEMINOLE TRIBE IN,0,1
SEMINOLE TRIBE ME,0,1
SEMINOLE TRIBE ME,1,1
SEMINOLE TRIBE OF,0,5
SEMINOLE TRIBE OF,1,1
SF COMMUNITY,0,2
SHAR,1,6
SHARE COST,0,3
SHARE COST,1,2
SHARE OD COST,1,1
SHARE OF COST,0,17
SHARE OF COST,1,20
SHARE OF COST MED,0,2
SHARE OF COST/ ME,0,1
SHARE OF COSTS,1,1
SHARE OF COSTS ME,0,1
SHARE-OF-COST,0,1
SHARE-OF-COST MED,0,1
SHARECOST,0,1
SHARED COST,0,5
SHARED COST,1,4
SHARED COST MED,0,1
SHAREOF COST,0,1
SHARING MINISTRY,0,1
SHEET METAL WORKE,0,1
SHERIFF'S OFFICE,0,1
SHINE STATE HEALT,1,1
SHOUSE INSURANCE,1,1
SIGMA,1,1
SIGN,1,1
SIGNA,0,4
SIGNA GREAT WEST,1,1
SIGNA INTERNATION,0,1
SIMON MED,0,1
SIMPLY,0,3
SIMPLY,1,5
SIMPLY CLEAR HEAL,0,1
SIMPLY H P MEICAR,1,1
SIMPLY H.P. MEDIC,0,35
SIMPLY H.P. MEDIC,1,13
SIMPLY H.P. MRDIC,0,1
SIMPLY HEALTH,0,1
SIMPLY HEALTH,1,1
SIMPLY HEALTH CAR,1,1
SIMPLY HEALTH HMO,1,1
SIMPLY HEALTH MED,0,12
SIMPLY HEALTH MED,1,17
SIMPLY HEALTHCARE,0,4
SIMPLY HEALTHCARE,1,1
SIMPLY MCD,1,1
SIMPLY MCD HMO,0,3
SIMPLY MCD HMO -,0,35
SIMPLY MCD HMO -,1,33
SIMPLY MCD HMO -L,0,8
SIMPLY MCD HMO -L,1,4
SIMPLY MCD HMO L1,0,2
SIMPLY MCD HMO L1,1,1
SIMPLY MCD HMO- L,0,2
SIMPLY MCD HMO- L,1,1
SIMPLY MCD HMO-L1,0,1
SIMPLY MCD-HMO,0,1
SIMPLY MCDNHMO -,1,1
SIMPLY MDC HMO -,0,2
SIMPLY MDCD HMO -,1,1
SIMPLY MEDICAID,0,2
SIMPLY MEDICAID,1,2
SIMPLY MEDICAID -,0,2
SIMPLY MEDICAID -,1,2
SIMPLYH.P. MEDICA,0,1
SINPLY MCD HMO -,0,1
SLEF PAY,0,1
SLIDING SCALE,0,2
SNSHINE STATE HEA,1,1
SNSHINE STATE HLT,0,1
SNSHINE STATE HLT,1,1
SOB,1,1
SOC,0,1
SOC 1,0,1
SOC 1,1,1
SOLIDANTY HEALTHS,1,1
SOLIDARITY,0,1
SOUT,0,2
SOUT,1,3
SOUTH CARE,0,1
SOUTHCARE,1,1
SOUTHCARE PPO,0,1
SOUTHCARE PPO,1,1
SP INTERNANTIONAL,0,2
SP INTERNATIONAL,0,2
SP PROGRAM,0,1
SPANISH TRAIL,0,1
SPEC,0,2
SPEC,1,2
SPECIAL FACILITY,0,2
SPECIAL FACILITY,1,1
SPECIAL HANDL,0,1
SPECIAL IMMUNOLOG,0,8
SPECIAL IMMUNOLOG,1,2
SPECIAL PROGRAM,0,1
SPECIAL PROGRAM F,1,1
SPECIAL RYAN WHIT,1,1
SPECICAL RYAN WHI,1,1
SPEI,0,1
SPLI,1,1
SPOUSAL INSURANCE,0,1
SRC,0,1
SSA-P21,1,1
ST JOHNS COUNTY J,1,1
ST LUCIE JAIL,1,1
STAR,1,2
STARBRIDGE,1,1
STARBRIDGE/MEDICA,0,1
STARMARK,0,2
STARMARK,1,1
STARYWELL,0,1
STAT,0,1
STAT,1,1
STATE,0,1
STATE,1,1
STATE AGENCY,1,1
STATE EMPLOYEE,1,1
"STATE FUNDED, CHA",0,1
STATE INSURANCE,0,1
STATE LOCAL PROGR,1,1
STATE OF FL,0,1
STATE OF FLORIDA,1,1
STATE-LOCAL PROGR,1,1
STATEWELL,1,1
STATWELL WELLCARE,0,1
STAWELL-WELLCARE,1,1
STAY,0,11
STAY,1,11
STAY WELL,0,6
STAY WELL,1,5
STAY WELL HEALTH,1,1
STAY-WELLCARE HLT,0,1
STAY-WELLCARE HLT,1,1
STAYELL-WELLCARE,0,1
STAYWEII-WELLCARE,0,1
STAYWEL-WELLCARE,0,3
STAYWEL-WELLCARE,1,2
STAYWELL,0,61
STAYWELL,1,21
STAYWELL /WELLCAR,0,1
STAYWELL 31372,0,1
STAYWELL CARE,0,1
STAYWELL HEAL,1,1
STAYWELL HEALT,0,1
STAYWELL HEALTH,0,1
STAYWELL HEALTHY,0,1
STAYWELL HEALTHY,1,1
STAYWELL HEL,1,1
STAYWELL HMO,1,1
STAYWELL KIDS,0,4
STAYWELL KIDS,1,1
STAYWELL KIDS HLT,0,1
STAYWELL MCD,0,2
STAYWELL MEDICAID,1,2
STAYWELL OF WELLC,0,1
STAYWELL WELLCARE,0,6
STAYWELL WELLCARE,1,2
"STAYWELL, CIGNA",1,1
STAYWELL- WELLCAR,0,21
STAYWELL- WELLCAR,1,20
STAYWELL-CARE HLT,0,1
STAYWELL-WEECARE,0,1
STAYWELL-WELLCAE,1,1
STAYWELL-WELLCAR,1,1
STAYWELL-WELLCARE,0,228
STAYWELL-WELLCARE,1,132
STAYWELL-WELLCOME,0,2
STAYWELL-WELLCOME,1,1
STAYWELL-WELLCR H,1,1
STAYWELL-WLLCARE,0,1
STAYWELL/WELLCARE,0,3
STAYWELLL-WELLCAR,0,1
STAYWELLWELLCARE,0,1
STEYWELL-WELLCARE,0,3
STOF,0,1
STRATEGIC RESO,1,1
STSYWELL- WELLCAR,0,1
STSYWELL-WELLCARE,1,1
STUD,1,1
STUDENT INSUR,1,1
STUDENT RES HMO,0,1
STUDENT RESOURCES,0,2
STUDENT RESOURCES,1,4
STYWELL-WELLCARE,0,3
SUNCHINE STATE HE,0,1
SUNDHINE STATE HL,0,1
SUNDHINE STATE HL,1,2
SUNHEALTH,0,1
SUNHINE STATE HEA,1,1
SUNSAHINE STATE H,0,1
SUNSHAME AMBETTER,0,1
SUNSHIE STATE HEA,0,1
SUNSHIE STATE HEA,1,1
SUNSHIN FROM OBAM,0,1
SUNSHIN STATE HLT,0,1
SUNSHINE,0,3
SUNSHINE,1,8
SUNSHINE AMBETTER,0,2
SUNSHINE AMBETTER,1,2
SUNSHINE AMBETTR,1,1
SUNSHINE AND PRIV,0,1
SUNSHINE AX AMBET,1,1
SUNSHINE ESTATE H,0,1
SUNSHINE HEALTH,0,7
SUNSHINE HEALTH,1,16
SUNSHINE HEALTH A,1,1
SUNSHINE HEALTH S,1,1
SUNSHINE HEALTHCA,0,1
SUNSHINE HEALTY,0,1
SUNSHINE HIX,0,2
SUNSHINE HIX,1,1
SUNSHINE HIX AM B,1,1
SUNSHINE HIX AMBE,0,36
SUNSHINE HIX AMBE,1,38
SUNSHINE HIX BETT,0,1
SUNSHINE HIX BETT,1,1
SUNSHINE HLTH,0,1
SUNSHINE HLTH AMB,0,1
SUNSHINE HLTH AMB,1,1
SUNSHINE HX AMBET,0,1
SUNSHINE MEDICAD,0,1
SUNSHINE MEDICAID,0,19
SUNSHINE MEDICAID,1,22
SUNSHINE STATE,0,6
SUNSHINE STATE,1,8
SUNSHINE STATE HE,0,216
SUNSHINE STATE HE,1,129
SUNSHINE STATE HL,0,179
SUNSHINE STATE HL,1,91
SUNSHINE STATE HT,1,1
SUNSHINE STATE MC,1,2
SUNSHINE STATE SE,1,1
SUNSHINE STATEE H,1,1
SUNSHINEHEALTH,1,1
SUNSHINESTATE HLT,0,1
SUNSHNE STATE HEA,1,1
SUNSINE HEALTH,1,1
SUNSINE HIX AMBET,1,1
SUSHINE STATE HEA,0,3
SUSHINE STATE HEA,1,1
SUSHINE STATE HLT,1,1
SUSNSHINE STATE H,0,1
T20,0,1
T40,0,1
T5RICARE,0,1
T96,0,1
T99,1,1
TCA,0,1
TEMP CLINC CARD,1,1
TEMP CLINIC CARD,0,1
TEMP MECAID,1,1
TEMP MED,0,6
TEMP MED,1,2
TEMP MED /CLINIC,0,1
TEMP MED CLINIC C,0,1
TEMP MED.,0,2
TEMP MED.,1,3
TEMP MEDICAID,0,2
TEMP MEDICAID,1,3
TEMPORARY MED,0,1
TEMPORARY MED,1,1
TEMPORARY MEDICAI,0,1
TENNCARE,1,1
TGH EMPLOYEE,0,1
THE WAY,0,9
THE WAY CLINIC,0,39
THE WAY CLINIC,1,21
THE WAY FREE CLIN,1,2
THIRD PARTY,0,2
THIRD PARTY- HIS,0,1
THROUGH EMBASSY O,0,1
THROUGH EMPLOYER,1,1
TICARE,0,3
TICARE,1,4
TIECARE,1,1
TIME INSURANCE,0,1
TIR CARE,1,1
TIR-CARE,0,1
TIRC,0,1
TIRC,1,1
TIRCARE,0,18
TIRCARE,1,8
TIRCARE PRIME,0,1
TIRICARE,0,1
TO BE BILLED,1,1
TOTAL HEALTH,0,1
TR CARE PRIME,0,1
TR-CARE,1,1
TRAICARE,1,1
TRAIL BLAZER,1,1
TRAILBLAZER,0,1
TRAILBLAZER ME,1,1
TRANSCOMP,0,1
TRAVEL INSURAN,1,1
TRAVEL INSURANCE,1,1
TRAVEL POLICY,0,1
TRAVELERS,1,1
TRCARE,0,6
TRCARE,1,4
TRCIARE,0,1
TRCIARE,1,3
TRI,0,7
TRI,1,14
TRI ACRE,0,1
TRI CAFE PRIME,0,1
TRI CARE,0,374
TRI CARE,1,231
TRI CARE - MILITA,0,1
TRI CARE -PRIME,0,1
TRI CARE ACTIVE,0,1
TRI CARE EAST,0,1
TRI CARE INS,0,2
TRI CARE PRESERVE,0,1
TRI CARE PRIM,0,1
TRI CARE PRIM,1,2
TRI CARE PRIME,0,266
TRI CARE PRIME,1,39
TRI CARE PRIME/ME,0,1
TRI CARE RESERVE,0,2
TRI CARE SOUTH,0,1
TRI CARE STANDARD,0,1
TRI CARE STANDARD,1,2
TRI CARE- PRIME,0,1
TRI CARE- PRIME,1,1
TRI CARE- PRME,0,1
TRI CARE-PRIM,1,1
TRI CARE-PRIME,0,25
TRI CARE-PRIME,1,1
TRI WEST,0,2
TRI WEST,1,5
TRI WEST VA PC3,1,1
TRI-,0,8
TRI-,1,12
TRI-CARE,0,108
TRI-CARE,1,114
TRI-CARE (MILITAR,1,1
TRI-CARE PRIME,0,6
TRI-CARE PRIME,1,1
TRI-CARE SELECT,1,1
TRI-CARE STANDARD,0,2
TRI-WEST,0,1
TRI-WEST,1,1
TRIA,0,1
TRIA,1,4
TRIACARE ACUTE,0,1
TRIACRE,0,6
TRIACRE,1,4
TRIARE,0,3
TRIARE,1,3
TRIBAL,1,1
TRIC,0,1227
TRIC,1,2769
TRIC ARE,0,1
TRIC ARE,1,1
TRIC CARE PRIME,0,1
TRIC CARE-PRIME,0,1
TRIC-CARE,1,1
TRICA,0,2
TRICA,1,2
TRICAARE,0,2
TRICACRE,0,1
TRICAE,0,5
TRICAE,1,7
TRICAER,0,2
TRICAEW,0,1
TRICANE PRIME,0,1
TRICAR,0,11
TRICAR,1,7
TRICAR EAST,0,1
TRICAR EAST,1,1
TRICAR FOR LIFE,0,1
TRICAR SELECT,1,1
TRICARAE,0,1
TRICARAE,1,1
TRICARD,0,1
TRICARE,0,28400
TRICARE,1,22165
TRICARE  SELECT,0,1
TRICARE & MEDICAI,0,1
TRICARE - ACTIVE,0,1
TRICARE - ARMY,1,1
TRICARE - CHAMPUS,0,1
TRICARE - CHAMPVA,0,1
TRICARE - CHAMPVA,1,1
TRICARE - MILITAR,1,1
TRICARE - PRIME,1,1
TRICARE / MILITAR,1,1
TRICARE ACT.DU,1,1
TRICARE ACTIVE,0,12
TRICARE ACTIVE,1,5
TRICARE ACTIVE DU,1,1
TRICARE ACUTE,0,35
TRICARE ACUTE,1,22
TRICARE ACUTTE,1,1
TRICARE AND IGNA,1,1
TRICARE AND MEDIC,0,3
TRICARE AND MEDIC,1,5
TRICARE AND MOLIN,0,1
TRICARE CARE,1,1
TRICARE CHAMP+,0,1
TRICARE CHAMPUS,0,10
TRICARE CHAMPUS,1,4
TRICARE CHAMPVA,0,1
TRICARE EASST,0,1
TRICARE EAST,0,274
TRICARE EAST,1,370
TRICARE EAST REGI,1,1
TRICARE EAST SELE,0,1
TRICARE ERSERVE S,1,1
TRICARE FOR LI,1,1
TRICARE FOR LIFE,0,3
TRICARE FOR LIFE,1,1
TRICARE HMO,0,21
TRICARE HMO,1,18
TRICARE HUMANA,0,1
TRICARE HUMANA,1,1
TRICARE HUMANA MI,0,1
TRICARE INS,1,1
TRICARE INSUR,0,2
TRICARE INSURA,0,1
TRICARE INSURED,1,1
TRICARE MEDICA,0,1
TRICARE MILITARY,0,2
TRICARE MILITARY,1,1
TRICARE ONLINE,1,1
TRICARE OTHER,0,1
TRICARE PRIM,0,3
TRICARE PRIM,1,2
TRICARE PRIME,0,835
TRICARE PRIME,1,328
TRICARE PRIME ACT,1,1
TRICARE PRIME HMO,0,22
TRICARE PRIME HMO,1,13
TRICARE PRIME HUM,0,1
TRICARE PRIME MIL,1,1
TRICARE PRIME REM,0,1
TRICARE PRIMEN,0,1
TRICARE PSYCH EAS,0,1
TRICARE RESERVE,0,4
TRICARE RESERVE,1,2
TRICARE RESERVE S,0,10
TRICARE RESERVE S,1,8
TRICARE RESERVES,1,1
TRICARE RETIRED,0,3
TRICARE RETIRED,1,2
TRICARE S,0,1
TRICARE SELECT,0,66
TRICARE SELECT,1,64
TRICARE SELECT RE,1,1
TRICARE SOURT,0,1
TRICARE SOUTH,1,1
TRICARE SOUTH REG,0,1
TRICARE STAN,0,1
TRICARE STAND,0,1
TRICARE STAND,1,1
TRICARE STAND+,0,2
TRICARE STAND+,1,1
TRICARE STANDA,1,2
TRICARE STANDARD,0,55
TRICARE STANDARD,1,33
TRICARE STD,0,1
TRICARE STD.,0,1
TRICARE WEST,0,2
TRICARE WEST,1,10
TRICARE WESTERN R,0,1
TRICARE YOUNG ADU,0,2
"TRICARE, MEDICAID",0,1
"TRICARE,MEDICAID",1,1
TRICARE- CHAMPUS,0,1
TRICARE- CHAMPUS,1,1
TRICARE- CHAMPVA,1,2
TRICARE-CAMPUS,0,1
TRICARE-CHAMPUS,0,17
TRICARE-CHAMPUS,1,7
TRICARE-CHAMPUS-,1,1
TRICARE-CHAMPVA,0,1
TRICARE-MILITARY,0,2
TRICARE-NATO,0,1
TRICARE-PRIME,0,2
TRICARE-PRIME,1,5
TRICARE-RESERVE,1,1
TRICARE/ARMY,0,1
TRICARE/BC,0,1
TRICARE/BC/MEDICI,1,1
TRICARE/CHAMP,1,1
TRICARE/CHAMPU,0,3
TRICARE/CHAMPUS,0,18
TRICARE/CHAMPUS,1,17
TRICARE/HUMANA,0,1
TRICARE/MEDICA,1,1
TRICARE/MEDICAID,0,11
TRICARE/MEDICAID,1,7
TRICARE/MEDIPLUS,0,1
TRICARE/MEDIPLUS,1,1
TRICARE/UNITED,0,1
TRICARE/US ARMY,0,2
TRICARE/VA,0,2
TRICARE/VA,1,1
TRICAREA EAST,0,1
TRICAREE,0,4
TRICAREFOR LIFE,1,1
TRICAREPRIME,0,2
TRICAREQ,0,1
TRICARER,0,1
TRICARES,1,1
TRICAREY,0,1
TRICARE`,0,1
TRICARE`,1,1
TRICARE``,0,1
TRICARFE,1,1
TRICARRE,0,2
TRICARRE,1,1
TRICARW,0,1
TRICATE,1,1
TRICAVE,0,1
TRICCARE,0,1
TRICCARE,1,1
TRICEARE EAST,0,1
TRICECARE,1,1
TRICERE PRIME HMO,0,1
TRICFARE,0,1
TRICORE,0,1
TRICORE,1,1
TRICRAE,0,8
TRICRAE,1,6
TRICRE,0,5
TRICRE,1,8
TRICRE SELECT,1,1
TRICREA PRIME,1,1
TRIDARE,1,1
TRIICARE,1,1
TRIN,0,1
TRINITY,0,1
TRINITY MEDICAL,1,1
TRINITY MEDICAL S,1,1
TRINTY,0,1
TRIOCARE,0,1
TRIPCARE - CHAMPV,0,1
TRIVARE,0,1
TRIVARE,1,2
TRIVCARE,1,1
TRIWEST,0,7
TRIWEST,1,18
TRIWEST (VA),1,1
TRIWEST ALLIANCE,0,1
TRIWEST ALLOANCE,1,1
TRIWEST HEALTH CA,1,1
TRIWEST HEALTHCAR,1,1
TRIWEST VA,1,2
TRIWEST/VAPC3,1,3
TROUP,0,1
TRRICARE,1,1
TRUCARE,0,4
TRUE,0,1
TRUE CARE BEHAVIO,0,1
TRUE UNINSU,1,1
TRUE UNINUR,1,1
TRUS,0,1
TRUSTMARK,1,1
TRYCARE,0,1
TSY CARE,0,1
U,0,3
U.S. CUSTOMS AND,1,1
U20,0,1
U20,1,2
UA,1,1
UBIT,1,1
UC HMO CHOICE,0,1
UCH FL MEDICAID,1,2
UF HEALTH DIRECT,0,1
UF HEALTH DIRECT,1,1
UH MCR C CHOIC,0,1
UH MCR CHOICE,0,1
UH MCR CHOICE,1,1
UHC,0,27
UHC,1,37
UHC ALL SAVERS,1,1
UHC AND AETNA,0,1
UHC AND AETNA,1,1
UHC AND BCBS,0,1
UHC AND MEDICAID,0,20
UHC AND MEDICAID,1,45
UHC AND STAYWELL,1,1
UHC CHC PLUS ATLA,1,1
UHC CHOICE,0,5
UHC CHOICE,1,2
UHC CHOICE PLUS,0,2
UHC CHOICE PLUS,1,1
UHC COMM,1,1
UHC COMMUNITY SER,0,1
UHC DUALAND DUNP,0,1
UHC FL MEDICADE,0,1
UHC FL MEDICAID,1,7
UHC FL MEICAID,0,1
UHC HEALTHCARE CH,1,1
UHC HMO,0,5
UHC HMO,1,5
UHC HMO CHOICE,0,20
UHC HMO CHOICE,1,15
UHC HMO CHOICE CH,0,2
UHC HMO CHOICE CH,1,4
UHC HMO/CHOICE,1,1
UHC MEDICARE,0,1
UHC MEDICARE,1,2
UHC NEIGHBORHOOD,0,2
UHC OPTIONS PPO,0,1
UHC PPO,1,1
UHC STUDENT INS,1,1
UHC STUDENT RESOU,1,2
UHC TRICARE,0,1
UHC WELLCARE 123,0,4
UHC WELLCARE 123,1,2
"UHC, TRICARE, MED",1,1
UHC-HMO,1,1
UHCHMO,1,1
UHCMCD,1,1
UINT,1,1
UKNOWN,0,1
UMHR/BC,0,1
UMR,0,15
UMR,1,15
UMR AND MEDICAID,0,3
UMR AND MEDICAID,1,2
UMR CHOICE,1,1
UMR CHOICE PLUS,0,1
UMR HMO,0,3
UMR HMO,1,6
UMR PPO,1,1
UMR UHC,0,1
UMR UNITED HEALTH,1,1
UMR WAUSAU AND ME,1,1
UMR-UNITED HEALTH,0,1
UMR/BC,0,1
UMR/HMO,1,2
UMR/MEDICAID,1,1
UMR/UMR HMO,1,1
UMR/UMR PRO,1,2
UNARITY,0,1
UNASSISTED,0,1
UNASSISTED BIRTH,1,2
UNBSINSURED,0,1
UNDECIDED,0,1
UNDOCUMEN,0,2
UNDOCUMEN,1,1
UNDOCUMENTED,1,3
UNEM,1,1
UNIC,1,1
UNICARE WORLDWIDE,1,1
UNIINSURED,0,1
UNIN,1,12
UNINS,0,1
UNINSURED,0,484
UNINSURED,1,486
UNINSURED AND UHC,0,1
UNINSURED DIS,0,5
UNINSURED DISC,0,38
UNINSURED DISC,1,11
UNINSURED DISCOUN,0,39
UNINSURED DISCOUN,1,12
UNINSURED DSCT,0,1
UNINSURED DSCT,1,1
UNINSURED INDI,1,2
UNINSURED INTERNA,1,1
UNINSURED THEN ME,1,1
UNINSURED&MEDICAI,0,1
UNINSURED- 2ND ME,0,1
UNINSURED-FIN ASS,1,1
UNINSURED-MEDICAI,0,1
UNINSURED/2ND-MED,0,1
UNINSURED/FIN AST,1,1
UNINSURED/FINANCE,1,1
UNINSURED/FINANCI,1,1
UNINSURED/MEDICAI,1,1
UNINSURRED,1,3
UNINURED,0,1
UNINURED,1,1
UNION LOCAL 25,0,1
UNIRSURED,1,1
UNIS,1,1
UNISINURED,0,1
UNISNURED,0,1
UNISNURED,1,2
UNISRED,0,2
UNISURD,0,1
UNISURD,1,1
UNISURED,0,122
UNISURED,1,278
UNISURED DISC,0,1
UNISURED DISCOUNT,0,1
UNISURED DISCOUNT,1,1
UNIT,0,15
UNIT,1,29
UNITE/BC,1,1
UNITE/BCBS,0,1
UNITE/MEDICAID,0,1
UNITE/MEDICAID,1,2
UNITED,0,11
UNITED,1,5
UNITED /MEDICAID,1,1
UNITED ALL SAVERS,1,1
UNITED AND HUMANA,1,1
UNITED BENEFIT,0,1
UNITED BIND,0,1
UNITED BIND HMO,1,1
UNITED CARE HEALT,1,1
UNITED CASUALTY I,1,1
UNITED CHOICE,0,3
UNITED CHOICE,1,4
UNITED CHOICE & S,0,2
UNITED CHOICE & S,1,1
UNITED CHOICE AND,0,1
UNITED CHOICE AND,1,1
UNITED CHOICE PLU,0,1
UNITED HAELTH CAR,0,1
UNITED HC,0,6
UNITED HC,1,3
UNITED HC HMO,0,41
UNITED HC HMO,1,12
UNITED HC PPO,0,13
UNITED HC PPO,1,2
UNITED HC&MD,1,1
UNITED HCA,1,3
UNITED HCA EMPLOY,0,2
UNITED HCA EMPLOY,1,1
UNITED HEALH CARE,0,1
UNITED HEALT,0,1
UNITED HEALTH,0,26
UNITED HEALTH,1,20
UNITED HEALTH  CA,1,1
UNITED HEALTH CAR,0,154
UNITED HEALTH CAR,1,76
UNITED HEALTH GAP,1,1
UNITED HEALTH HCA,0,1
UNITED HEALTH HMO,0,1
UNITED HEALTH INS,0,2
UNITED HEALTH MCD,1,2
UNITED HEALTH PPO,1,1
UNITED HEALTHC,0,1
UNITED HEALTHC,1,1
UNITED HEALTHCA,1,1
UNITED HEALTHCARE,0,150
UNITED HEALTHCARE,1,89
UNITED HEALTHCHOI,1,1
UNITED HEALTHHC,0,1
UNITED HEALTHY+,0,1
UNITED HEATH CARE,0,1
UNITED HEATH INSU,0,1
UNITED HEATHCARE,0,2
UNITED HEATLHCARE,1,1
UNITED HELATH CAR,0,1
UNITED HELATH CAR,1,2
UNITED HKTH CARE,0,1
UNITED HLTCAR,0,1
UNITED HLTH,0,5
UNITED HLTH CAE M,0,2
UNITED HLTH CARE,0,51
UNITED HLTH CARE,1,22
UNITED HLTH MCD H,1,2
UNITED HLTH MDC,1,2
UNITED HLTH/MEDIC,0,1
UNITED HLTHCA,0,3
UNITED HLTHCAR,0,7
UNITED HLTHCARE,0,1
UNITED HMO,0,2
UNITED INSURANCE,0,1
UNITED MD HMO,0,1
UNITED MD HMO,1,1
UNITED MEDICAID,0,1
UNITED MEDICAID,1,1
UNITED MEDICAL,1,1
UNITED MEDICARE,1,1
UNITED MEDICARE P,1,1
UNITED OA,0,1
UNITED OA,1,1
UNITED OA CHOICE,0,2
UNITED PPO,0,1
UNITED STATES HMO,0,1
UNITED STUDENT RE,0,10
UNITED STUDENT RE,1,14
UNITED STUDENT SE,1,1
UNITED WELLCARE,0,2
UNITED WELLCARE 1,0,1
UNITED WELLCARE A,0,16
UNITED WELLCARE A,1,12
"UNITED, MEDICAID",0,1
UNITED/1ST HLTH,0,1
UNITED/AETNA,0,3
UNITED/AETNA,1,1
UNITED/BC,0,3
UNITED/BC,1,2
UNITED/BLUE CROSS,0,1
UNITED/MEDICAID,0,32
UNITED/MEDICAID,1,38
UNITED/MEDICARE,1,1
UNITED/MEDICIAD,0,3
UNITED/MEDICIAD,1,1
UNITED/SPECIAL,0,1
UNITED/TRICARE,0,5
UNITED/TRICARE,1,3
UNITEDED STUDENT,0,1
UNITEDHEALTHCARE,1,2
UNITEDHLTH CARE,0,1
UNITEDHLTH CARE,1,1
UNITEDHLTHCAR,0,1
UNITEDHLTHCARE,0,30
UNITEDHLTHCARE,1,14
UNITEHLTHCARE,1,1
UNITER HEALTH,0,1
UNITHED HEALTH,1,1
UNIUNSURED,0,1
UNIUSRED,1,1
UNIVERSAL HEALTHC,0,1
UNIVERSITY INS,0,1
UNK,0,11
UNK,1,8
UNKN,0,24916
UNKN,1,896
UNKNOW,0,3
UNKNOW,1,2
UNKNOWN,0,6591
UNKNOWN,1,5239
UNKNOWN AT THIS T,0,1
UNKNOWNN,1,1
UNKOWN,0,1
UNKWN,1,1
UNNITED/BC,0,1
UNOPS INSURANCE F,0,1
UNSINSURED,0,64
UNSINSURED,1,15
UNSINURD,0,1
UNSINURED,0,12
UNSINURED,1,4
UNSURE WAITING ON,1,1
UNSURED,1,3
UNTIED HEALTH CAR,0,1
UNUNSURED,0,1
US DEPARTMENT OF,1,1
US H,0,1
US H,1,1
US HEALTH LIFE,0,1
US SECURITY ASSOC,1,1
USAF,1,1
USHEALTH,0,1
V,1,1
V A,0,2
V A,1,4
V A BENEFITS,1,1
V A CHAMPUS,1,1
V A HEALTH,1,1
V-A,0,1
V. A.,0,1
V.A,0,3
V.A.,0,3
V.A.,1,3
V.A. FEE BASIS,1,1
V/A,0,2
VA,0,267
VA,1,185
VA & GROUP INSURA,0,1
VA / BAY PINES,0,1
VA ACCESS CHOICE,0,1
VA ADM,1,1
VA ADMIN,1,1
VA ADMINISTRATION,0,1
VA ADMINISTRATION,1,3
VA ADMINSTRATION,0,1
VA AND MEDICAID,0,2
VA AND MEDICAID,1,3
VA AUTH,0,1
VA AUTHORIZATION,0,1
VA AUTHORIZED,0,1
VA AUTHORIZED,1,1
VA BAY PINES,0,8
VA BENEFIT,1,1
VA BENEFIT PACKAG,0,1
VA BENEFITS,0,5
VA BENEFITS,1,2
VA CARE,0,2
VA CARE,1,1
VA CCN,0,7
VA CCN,1,11
VA CCN OPTUM,0,1
VA CCN/OPTUM,0,1
VA CHAMP,1,2
VA CHOICE,0,3
VA CHOICE,1,2
VA CHOICE PROGRAM,1,1
VA CNN,1,1
VA COMM. CARE OP,1,1
VA COMMUNITY CARE,1,1
VA COVERAGE,0,1
VA COVERAGE,1,1
VA DEPT,0,1
VA DEPT VETERANS,1,1
VA FEE BASED,0,1
VA FEE BASIS,0,2
VA FEED BASIS,0,1
VA H,0,2
VA HALEY,0,1
VA HEALTH CARE NE,0,1
VA HEALTH CHOICE,0,1
VA HEALTH INSURAN,0,1
VA HEALTH INSURAN,1,1
VA HEALTHCARE,0,4
VA HEALTHCARE,1,5
VA HOSPITAL,0,5
VA HOSPITAL INS,0,1
VA I,1,1
VA IHS FEE BASIS,1,1
VA INS,0,1
VA INSURANCE,0,9
VA INSURANCE,1,8
VA JAMES HALEY,0,4
VA M,1,1
VA MEDICAL,0,4
VA MEDICAL,1,5
VA MEDICAL CENTER,0,1
VA MEDICAL CENTER,1,4
VA MEDICAL INSURA,0,1
VA MEDICAL TRIWES,1,1
VA MILLENNIUM BIL,0,1
VA OPTIMUM,1,2
VA OPTUM,0,6
VA OPTUM,1,5
VA OPTUM CCN,0,1
VA OPTUM CCN,1,2
VA PAY BINES,0,1
VA PINES,0,4
VA PINES,1,2
VA REFERRAL,0,1
VA SEC MEDICAID,0,1
VA SHARING,1,1
VA TRICARE,0,1
VA TRICARE,1,1
VA TRIWEST,0,2
VA TRIWEST,1,4
VA TRIWEST HEALTH,0,1
VA TRIWEST HEALTH,1,2
VA VETERANS,1,1
VA VETERANS ADMIN,0,1
VA VETERANS ADMIN,1,1
VA VETERANS AFFAI,0,1
VA-100% DISABILIT,0,1
VA-BENFITS,0,1
VA-DISABILITY,1,1
VA-FEE BASIS,0,1
VA-MILITARY,1,1
VA-TRIWEST,0,1
VA-TRIWEST,1,1
VA/ TRIWEST,0,1
VA/AVMED,0,1
VA/BC,0,1
VA/MEDICAID,0,7
VA/MEDICAID,1,1
VA/MEDICIAD,0,2
VA/TAMPA,0,2
VA/TRICARE,0,6
VA/UNITED,0,1
VA/UNITED,1,1
VA/VA OPTUM,0,1
VA66948,1,1
VACCN,0,1
VAMC,0,1
VAN BREDA INT,0,1
VANB,0,1
VAOPTUM CCN,0,1
VATRI-WEST,1,1
VCSB HS,0,1
VERANS ADMIN HEAL,0,1
VERERAN ADMINISTR,1,1
VERTANS MILL BILL,0,1
VERTERANS ADMINST,0,1
VET ADMIN,0,1
VET COMM CARE NET,0,1
VETARANS ADMIN,1,1
VETARANS AFFAIRS,0,1
VETE,0,3
VETE,1,2
VETERAN,0,1
VETERAN,1,1
VETERAN  AFFAIRS,0,1
VETERAN ADM,0,1
VETERAN ADMIN,0,12
VETERAN ADMIN,1,6
VETERAN ADMIN.,0,1
VETERAN ADMINISTA,0,1
VETERAN ADMINISTR,0,5
VETERAN ADMINISTR,1,3
VETERAN AFFAIRS,0,7
VETERAN AFFAIRS,1,4
VETERAN AFFAIRS (,1,1
VETERAN FEE BASED,1,1
VETERAN SERVICES,0,1
VETERAN VA,1,1
VETERAN'S ADMINIS,0,5
VETERAN'S ADMINIS,1,2
VETERAN'S AFFAIRS,0,1
VETERAN'S AFFAIRS,1,1
VETERAN'S ASSISTA,0,1
VETERAN'S BILL,0,1
VETERAN'S CHOICE,1,1
VETERANS,0,7
VETERANS,1,5
VETERANS ADM,1,1
VETERANS ADM INSU,1,1
VETERANS ADMI,0,1
VETERANS ADMIN,0,8
VETERANS ADMIN,1,13
VETERANS ADMIN GA,1,1
VETERANS ADMIN-GN,0,1
VETERANS ADMIN-JA,0,2
VETERANS ADMIN.,1,1
VETERANS ADMINIST,0,44
VETERANS ADMINIST,1,29
VETERANS ADMINSTR,0,2
VETERANS ADMISITR,0,1
VETERANS AFF,0,2
VETERANS AFFA,0,1
VETERANS AFFAIR,0,4
VETERANS AFFAIR,1,1
VETERANS AFFAIR T,1,1
VETERANS AFFAIRS,0,10
VETERANS AFFAIRS,1,8
VETERANS ASSOCIAT,0,1
VETERANS ASSOCIAT,1,1
VETERANS CHOICE,0,6
VETERANS CHOICE,1,6
VETERANS CHOICE P,0,1
VETERANS COMM CAR,1,1
VETERANS COMMUNIT,0,1
VETERANS HEALTH,0,1
VETERANS HEALTH A,1,1
VETERANS INSURANC,0,2
VETERANS INSURANC,1,2
VETERANS MILL BIL,1,2
"VETERANS, MCD SEC",0,1
VETERANSAFFAIRS,1,1
VETERENS,0,1
VETERENS ADMIN,0,1
VETERENS ADMINIST,1,2
VETERENS AFFAIRS,0,1
VETERENS UNITED,1,1
VETRANS,0,1
VETRANS ADMINISTR,0,1
VETRERAN AFFAIR,1,1
VIRGINIA MEDICAID,0,1
VISA,0,1
VISA,1,1
VISATA MEDICAID,0,1
VIST,0,2
VIST,1,10
VISTA,0,25
VISTA,1,25
VISTA HEALTH,1,2
VISTA HEALTHEASE,0,1
VISTA HEALTHPLAN,0,1
VISTA HEALTHPLAN,1,1
VISTA HEALTHY,1,1
VISTA HEALTHY KID,0,3
VISTA HLTH PL,1,1
VISTA INSUR,1,1
VISTA INSURAN,1,1
VISTA INSURANCE,1,1
VISTA MEDICAID,0,1
VISTA OF SOUTH,1,1
VMAC,0,1
VMR,0,1
VOLU,0,1
VOUCHER,0,1
VUMI,1,2
W,0,1
W 80,0,7
W 80,1,24
W 81,0,1
W 81,1,4
W 82,1,1
W 88,0,2
W 88,1,1
W V,1,1
W V H A,1,1
W-80,0,33
W-80,1,60
W-81,0,7
W-81,1,6
W-82,0,1
W-82,1,3
W-84,1,1
W-88,0,4
W-88,1,7
W. V,0,2
W.V.,1,1
W.V.H.A.,0,1
W.V.H.A.,1,1
W01,0,486
W01,1,174
W09,1,1
W0`,0,1
W2-81,1,1
W80,0,1375
W80,1,691
W80-,1,2
W801,0,2
W80`,0,1
W81,0,239
W81,1,132
W82,0,102
W82,1,60
W850,1,1
W88,0,138
W88,1,76
W8O,0,1
W8Z,1,1
W90,0,2
W91,0,1
W98,0,85
W98,1,28
W99,1,1
WA1,1,1
WAITING FOR M,1,1
WALK IN,0,1
WANTS MEDICAID,0,1
WAUS,0,1
WAY CLINIC,1,1
"WAY CLINIC, MED.P",0,1
WB,0,1
WB IPA,0,1
WE CARE,1,1
WE82,0,1
WEB PTA,0,1
WEB TPA,0,18
WEB TPA,1,9
WEB-TPA /MEDICAID,0,1
WEB/TPA,0,1
WEBT,1,1
WEBTPA,0,6
WEBTPA,1,3
WEBTPA LEE,0,1
WECARE INS.,1,1
WELCARE,0,1
WELL,0,1
WELL,1,10
WELL CARE,1,3
WELL CARE HEALTH,0,1
WELLCARE,0,11
WELLCARE,1,21
WELLCARE HEALTH M,0,4
WELLCARE HEALTH M,1,3
WELLCARE HMO,0,9
WELLCARE HMO,1,2
WELLCARE INC,0,1
WELLCARE MCD,0,2
WELLCARE MCD HMO,0,2
WELLCARE MCD HMO,1,3
WELLCARE MCD- HMO,0,1
WELLCARE MCR HMO,1,1
WELLCARE MDCR HMO,0,1
WELLCARE MEDCAID,0,1
WELLCARE MEDI,1,2
WELLCARE MEDICAID,0,14
WELLCARE MEDICAID,1,45
WELLCARE MEDICARE,0,4
WELLCARE MEDICARE,1,2
WELLCARE MEICAID,0,1
WELLCARE NAZIM N,1,1
WELLCARE OF FL,1,1
WELLCARE OF FL ST,0,1
WELLCARE STAYWELL,0,2
WELLCARE STAYWELL,1,1
WELLCARE-HMO,0,2
WELLCARE-MCD,0,2
WELLCARE-MCD,1,1
WELLCARE/STAYWELL,1,1
WELLCRE/STAYWELL,1,1
WELLFLET,1,1
WELLS FARGO TPA,1,1
WELMCD,1,1
WEP,1,1
WEST,0,1
WEST VOL HOSP,0,1
WEST VOLUSIA,1,1
WEST VOLUSIA HOSP,0,1
WHVA BLUE CARD,0,1
WI,0,3
WI,1,2
WIN,0,2
WINTERHAVEN INS.,1,1
WO1,0,12
WO1,1,4
WORK,1,1
WORK HEALTH INSUR,0,1
WORK INSURANCE,0,6
WORK INSURANCE,1,2
WORK PROVIDED,1,1
WORKI INSURANCE,0,1
WOULDNT SAY,0,1
WPB VA,0,1
WV H,0,1
WVHA,0,11
WVHA,1,8
WVHA 15201,0,1
WVHA CARD,0,3
WVHA CARD,1,4
WVHA HEALTH CARD,0,6
WVHA HEALTH CARD,1,28
WVHA HEALTHCARD,1,1
WVHA/ 13908,0,1
WVHN,1,1
WVHO,1,1
X,1,1
XHARITY,0,1
Y,0,6
Y,1,4
Z30/APPLIED MA EM,0,1
"ZANELOTTI, AUSTIN",1,2
`TRICARE,0,2
