label,overall,exposed,unexposed,p_value,row_type
Mother's Age,28.2 (6.09),28.3 (6.07),28.2 (6.10),< 0.001,continuous
Mother's Race,"","","",< 0.001,section
  White,"2,755,822 (61.5%)","1,163,178 (69.0%)","1,592,644 (56.9%)",< 0.001,category
  Black,"834,288 (18.6%)","351,271 (20.8%)","483,017 (17.3%)",< 0.001,category
  Asian,"111,775 (2.5%)","47,938 (2.8%)","63,837 (2.3%)",< 0.001,category
  Other,"55,963 (1.2%)","24,624 (1.5%)","31,339 (1.1%)",< 0.001,category
  More than One Race,"59,402 (1.3%)","26,776 (1.6%)","32,626 (1.2%)",< 0.001,category
  Missing,"667,067 (14.9%)","71,631 (4.3%)","595,436 (21.3%)",< 0.001,category
Mother's Ethnicity,"","","",< 0.001,section
  Non-Hispanic,"2,527,940 (56.4%)","1,078,976 (64.0%)","1,448,964 (51.8%)",< 0.001,category
  Mexican,"229,433 (5.1%)","95,224 (5.6%)","134,209 (4.8%)",< 0.001,category
  Puerto Rican,"215,756 (4.8%)","90,357 (5.4%)","125,399 (4.5%)",< 0.001,category
  Cuban,"230,428 (5.1%)","95,112 (5.6%)","135,316 (4.8%)",< 0.001,category
  Other,"462,567 (10.3%)","192,077 (11.4%)","270,490 (9.7%)",< 0.001,category
  Haitian,"144,763 (3.2%)","58,313 (3.5%)","86,450 (3.1%)",< 0.001,category
  Missing,"673,430 (15.0%)","75,359 (4.5%)","598,071 (21.4%)",< 0.001,category
Mother's Education,"","","",< 0.001,section
  8th Grade or Less,"174,452 (3.9%)","65,347 (3.9%)","109,105 (3.9%)",< 0.001,category
  9th Thru 12th Grade; No Diploma,"498,848 (11.1%)","182,122 (10.8%)","316,726 (11.3%)",< 0.001,category
  High School Graduate or GED,"1,402,069 (31.3%)","518,804 (30.8%)","883,265 (31.6%)",< 0.001,category
  Some College,"856,127 (19.1%)","309,547 (18.4%)","546,580 (19.5%)",< 0.001,category
  Associate Degree,"370,699 (8.3%)","158,454 (9.4%)","212,245 (7.6%)",< 0.001,category
  Bachelor's Degree,"773,812 (17.3%)","297,659 (17.7%)","476,153 (17.0%)",< 0.001,category
  Master's Degree,"307,820 (6.9%)","110,769 (6.6%)","197,051 (7.0%)",< 0.001,category
  Doctorate Degree,"70,426 (1.6%)","30,525 (1.8%)","39,901 (1.4%)",< 0.001,category
  Missing,"30,064 (0.7%)","12,191 (0.7%)","17,873 (0.6%)",< 0.001,category
Marital Status,"","","",< 0.001,section
  No,"1,976,473 (44.1%)","755,914 (44.9%)","1,220,559 (43.6%)",< 0.001,category
  Yes,"2,505,540 (55.9%)","928,507 (55.1%)","1,577,033 (56.3%)",< 0.001,category
  Missing,"2,304 (0.1%)",997 (0.1%),"1,307 (0.0%)",< 0.001,category
Alcohol Use,"","","",< 0.001,section
  Yes,"19,478 (0.4%)","7,646 (0.5%)","11,832 (0.4%)",< 0.001,category
  No,"4,444,965 (99.1%)","1,670,069 (99.1%)","2,774,896 (99.1%)",< 0.001,category
  Missing,"19,874 (0.4%)","7,703 (0.5%)","12,171 (0.4%)",< 0.001,category
WIC,"","","",< 0.001,section
  No,"2,024,867 (45.2%)","886,957 (52.6%)","1,137,910 (40.7%)",< 0.001,category
  Yes,"1,747,590 (39.0%)","715,647 (42.5%)","1,031,943 (36.9%)",< 0.001,category
  Missing,"711,860 (15.9%)","82,814 (4.9%)","629,046 (22.5%)",< 0.001,category
Previous Preterm Infant,"","","",< 0.001,section
  No,"3,767,517 (84.0%)","1,592,777 (94.5%)","2,174,740 (77.7%)",< 0.001,category
  Yes,"56,365 (1.3%)","23,274 (1.4%)","33,091 (1.2%)",< 0.001,category
  Missing,"660,435 (14.7%)","69,367 (4.1%)","591,068 (21.1%)",< 0.001,category
Pre-Pregnancy BMI,"","","",< 0.001,section
  Underweight,"156,067 (3.5%)","66,016 (3.9%)","90,051 (3.2%)",< 0.001,category
  Normal Weight,"1,670,998 (37.3%)","708,866 (42.1%)","962,132 (34.4%)",< 0.001,category
  Overweight,"930,200 (20.7%)","395,667 (23.5%)","534,533 (19.1%)",< 0.001,category
  Obese,"830,148 (18.5%)","356,329 (21.1%)","473,819 (16.9%)",< 0.001,category
  Missing,"896,904 (20.0%)","158,540 (9.4%)","738,364 (26.4%)",< 0.001,category
Principal Source of Payment,"","","",< 0.001,section
  Medicaid,"1,762,839 (39.3%)","743,490 (44.1%)","1,019,349 (36.4%)",< 0.001,category
  Private Insurance,"1,634,451 (36.4%)","705,573 (41.9%)","928,878 (33.2%)",< 0.001,category
  Self-Pay,"288,765 (6.4%)","118,469 (7.0%)","170,296 (6.1%)",< 0.001,category
  Other,"109,050 (2.4%)","46,477 (2.8%)","62,573 (2.2%)",< 0.001,category
  Missing,"689,212 (15.4%)","71,409 (4.2%)","617,803 (22.1%)",< 0.001,category
Father's Education,"","","",< 0.001,section
  8th Grade or Less,"151,368 (3.4%)","57,590 (3.4%)","93,778 (3.4%)",< 0.001,category
  9th Thru 12th Grade; No Diploma,"366,637 (8.2%)","136,572 (8.1%)","230,065 (8.2%)",< 0.001,category
  High School Graduate or GED,"1,354,360 (30.2%)","503,012 (29.8%)","851,348 (30.4%)",< 0.001,category
  Some College,"674,844 (15.0%)","245,947 (14.6%)","428,897 (15.3%)",< 0.001,category
  Associate Degree,"277,756 (6.2%)","118,532 (7.0%)","159,224 (5.7%)",< 0.001,category
  Bachelor's Degree,"638,844 (14.2%)","245,329 (14.6%)","393,515 (14.1%)",< 0.001,category
  Master's Degree,"253,073 (5.6%)","85,660 (5.1%)","167,413 (6.0%)",< 0.001,category
  Doctorate Degree,"81,615 (1.8%)","35,379 (2.1%)","46,236 (1.7%)",< 0.001,category
  Missing,"685,820 (15.3%)","257,397 (15.3%)","428,423 (15.3%)",< 0.001,category
Father's Race,"","","",< 0.001,section
  White,"2,404,162 (53.6%)","1,016,298 (60.3%)","1,387,864 (49.6%)",< 0.001,category
  Black,"659,208 (14.7%)","278,680 (16.5%)","380,528 (13.6%)",< 0.001,category
  Asian,"91,763 (2.0%)","39,535 (2.3%)","52,228 (1.9%)",< 0.001,category
  Other,"54,308 (1.2%)","24,040 (1.4%)","30,268 (1.1%)",< 0.001,category
  More than One Race,"44,896 (1.0%)","19,950 (1.2%)","24,946 (0.9%)",< 0.001,category
  Missing,"1,229,980 (27.4%)","306,915 (18.2%)","923,065 (33.0%)",< 0.001,category
Father's Ethnicity,"","","",< 0.001,section
  Non-Hispanic,"2,134,758 (47.6%)","913,478 (54.2%)","1,221,280 (43.6%)",< 0.001,category
  Mexican,"205,246 (4.6%)","85,085 (5.0%)","120,161 (4.3%)",< 0.001,category
  Puerto Rican,"183,486 (4.1%)","77,076 (4.6%)","106,410 (3.8%)",< 0.001,category
  Cuban,"223,138 (5.0%)","92,337 (5.5%)","130,801 (4.7%)",< 0.001,category
  Other,"374,426 (8.3%)","155,445 (9.2%)","218,981 (7.8%)",< 0.001,category
  Haitian,"127,921 (2.9%)","51,872 (3.1%)","76,049 (2.7%)",< 0.001,category
  Missing,"1,235,342 (27.5%)","310,125 (18.4%)","925,217 (33.1%)",< 0.001,category
