outcome,structure,acute_days,family,contrast,HR,conf_low,conf_high,p_value,births,person_intervals,events,exposed_births,estimate,beta,standard_error
PTB,cumulative,,any,any_td,1.01419625225509,0.983340880875783,1.04601980665361,0.371190572396551,2987825,3496474,234205,1159659,"1.014 (0.983, 1.046)",0.0140964290999093,0.0157634896470302
PTB,cumulative,,intensity,ts_td,1.01521040919875,0.988192931349166,1.04296655263295,0.272677311326211,2987825,3601722,234205,1159659,"1.015 (0.988, 1.043)",0.015095890713338,0.0137620979666337
PTB,cumulative,,intensity,hu_td,1.01306810374587,0.966554050412586,1.06182058043123,0.588224842301954,2987825,3601722,234205,1159659,"1.013 (0.967, 1.062)",0.0129834527657274,0.0239808033065606
PTB,cumulative,,intensity,hu_vs_ts,0.997889791679172,0.954404371203671,1.04335653354316,0.925963275390803,2987825,3601722,234205,1159659,"0.998 (0.954, 1.043)",-0.0021124379476106,0.0227327596622267
vPTB,cumulative,,any,any_td,1.01673359299852,0.958746358758196,1.0782280315209,0.579662287085821,2987825,3350934,33074,1014119,"1.017 (0.959, 1.078)",0.0165951289634359,0.0299617001332304
vPTB,cumulative,,intensity,ts_td,1.00990558856067,0.944081085574138,1.08031959689757,0.774393500682095,2987825,3418054,33074,1014119,"1.010 (0.944, 1.080)",0.00985684981134879,0.0343884230185557
vPTB,cumulative,,intensity,hu_td,1.08998563166156,0.97937082684399,1.21309379926823,0.114526013224727,2987825,3418054,33074,1014119,"1.090 (0.979, 1.213)",0.086164514192297,0.0545976568739338
vPTB,cumulative,,intensity,hu_vs_ts,1.07929458358085,0.957746255845366,1.21626870482387,0.210657626665967,2987825,3418054,33074,1014119,"1.079 (0.958, 1.216)",0.0763076643809482,0.0609603390960071
PTB,acute,3,any,any_td,0.953041283682901,0.912258406242993,0.995647375993614,0.0311265679747232,2987825,4493630,234205,628204,"0.953 (0.912, 0.996)",-0.0480970565569713,0.0223141509998845
PTB,acute,7,any,any_td,0.975727521877683,0.941797706418417,1.01087971489134,0.173599715948144,2987825,4488751,234205,643858,"0.976 (0.942, 1.011)",-0.0245719099506027,0.0180579167889076
PTB,acute,3,intensity,ts_td,0.944268737561223,0.893633899377459,0.997772633017414,0.0414239801934365,2987825,4493630,234205,628204,"0.944 (0.894, 0.998)",-0.0573444737302511,0.0281202220606888
PTB,acute,3,intensity,hu_td,0.96806971292827,0.905858631771442,1.03455322521614,0.33827560498138,2987825,4493630,234205,628204,"0.968 (0.906, 1.035)",-0.0324511768108124,0.0338888083655826
PTB,acute,3,intensity,hu_vs_ts,1.0252057220792,0.942339150899033,1.11535933913092,0.562669910486529,2987825,4493630,234205,628204,"1.025 (0.942, 1.115)",0.0248932969194387,0.0430024908543036
PTB,acute,7,intensity,ts_td,0.967489343144088,0.924154576858722,1.01285613092892,0.157478060121301,2987825,4488751,234205,643858,"0.967 (0.924, 1.013)",-0.0330508689770158,0.0233805629816828
PTB,acute,7,intensity,hu_td,0.990049322120696,0.935085990799223,1.04824333791363,0.731469744219569,2987825,4488751,234205,643858,"0.990 (0.935, 1.048)",-0.0100005167705575,0.029141488738091
PTB,acute,7,intensity,hu_vs_ts,1.02331806457247,0.949510912839476,1.10286237590339,0.546169982207387,2987825,4488751,234205,643858,"1.023 (0.950, 1.103)",0.0230503522064583,0.0381938690426204
vPTB,acute,3,any,any_td,0.942147174719796,0.854694898792942,1.03854755666154,0.230532913836547,2987825,4030630,33074,467331,"0.942 (0.855, 1.039)",-0.0595937801765104,0.0497034322253389
vPTB,acute,7,any,any_td,1.02847009115192,0.96044075983143,1.10131803296197,0.421407159509157,2987825,4027448,33074,484379,"1.028 (0.960, 1.101)",0.0280723496218521,0.0349166235824039
vPTB,acute,3,intensity,ts_td,1.00214478241998,0.842710075709515,1.19174339298842,0.980665711382679,2987825,4030630,33074,467331,"1.002 (0.843, 1.192)",0.00214248565761588,0.0884071272936105
vPTB,acute,3,intensity,hu_td,0.844050668349863,0.71501838091099,0.996368135087897,0.0451828377196853,2987825,4030630,33074,467331,"0.844 (0.715, 0.996)",-0.169542752598239,0.0846465944074168
vPTB,acute,3,intensity,hu_vs_ts,0.842244237715482,0.629561173454957,1.12677748545382,0.247615762972157,2987825,4030630,33074,467331,"0.842 (0.630, 1.127)",-0.171685238255855,0.148496103199678
vPTB,acute,7,intensity,ts_td,1.07331318333883,0.989149379952601,1.16463823652616,0.0894869851597308,2987825,4027448,33074,484379,"1.073 (0.989, 1.165)",0.070750297425185,0.041664140477198
vPTB,acute,7,intensity,hu_td,0.953154373840286,0.856752865409289,1.06040294354529,0.377824503518732,2987825,4027448,33074,484379,"0.953 (0.857, 1.060)",-0.0479784012058571,0.0544027203345643
vPTB,acute,7,intensity,hu_vs_ts,0.888048696909918,0.78599378435629,1.00335461142262,0.0566248260229968,2987825,4027448,33074,484379,"0.888 (0.786, 1.003)",-0.118728698631042,0.0622856832369068
