county_geoid,county_name,trimester,eligible_births,exposed_births,exposure_prevalence,statewide_eligible_births,statewide_exposed_births,statewide_exposure_prevalence,panel_label
12001,Alachua,T1,55155,7534,0.136596863385006,4660667,686017,0.147192880332364,"First trimester
Statewide: 14.7% exposed"
12003,Baker,T1,6961,1178,0.16922855911507,4660667,686017,0.147192880332364,"First trimester
Statewide: 14.7% exposed"
12005,Bay,T1,45395,8619,0.189866725410287,4660667,686017,0.147192880332364,"First trimester
Statewide: 14.7% exposed"
12007,Bradford,T1,5974,955,0.159859390693003,4660667,686017,0.147192880332364,"First trimester
Statewide: 14.7% exposed"
12009,Brevard,T1,110488,15460,0.139924697704728,4660667,686017,0.147192880332364,"First trimester
Statewide: 14.7% exposed"
12011,Broward,T1,476996,61495,0.128921416531795,4660667,686017,0.147192880332364,"First trimester
Statewide: 14.7% exposed"
12013,Calhoun,T1,2688,480,0.178571428571429,4660667,686017,0.147192880332364,"First trimester
Statewide: 14.7% exposed"
12015,Charlotte,T1,22601,2774,0.122737931949914,4660667,686017,0.147192880332364,"First trimester
Statewide: 14.7% exposed"
12017,Citrus,T1,21514,2971,0.138096123454495,4660667,686017,0.147192880332364,"First trimester
Statewide: 14.7% exposed"
12019,Clay,T1,45642,7367,0.161408351956531,4660667,686017,0.147192880332364,"First trimester
Statewide: 14.7% exposed"
12021,Collier,T1,72586,8589,0.118328603311933,4660667,686017,0.147192880332364,"First trimester
Statewide: 14.7% exposed"
12023,Columbia,T1,14010,2369,0.169093504639543,4660667,686017,0.147192880332364,"First trimester
Statewide: 14.7% exposed"
12027,DeSoto,T1,7609,993,0.13050335129452,4660667,686017,0.147192880332364,"First trimester
Statewide: 14.7% exposed"
12029,Dixie,T1,2543,490,0.192685804168305,4660667,686017,0.147192880332364,"First trimester
Statewide: 14.7% exposed"
12031,Duval,T1,270313,44603,0.165005012707491,4660667,686017,0.147192880332364,"First trimester
Statewide: 14.7% exposed"
12033,Escambia,T1,82761,14612,0.176556590664685,4660667,686017,0.147192880332364,"First trimester
Statewide: 14.7% exposed"
12035,Flagler,T1,16312,2438,0.149460519862678,4660667,686017,0.147192880332364,"First trimester
Statewide: 14.7% exposed"
12037,Franklin,T1,2021,430,0.212765957446809,4660667,686017,0.147192880332364,"First trimester
Statewide: 14.7% exposed"
12039,Gadsden,T1,12314,1790,0.145363001461751,4660667,686017,0.147192880332364,"First trimester
Statewide: 14.7% exposed"
12041,Gilchrist,T1,3473,592,0.170457817448891,4660667,686017,0.147192880332364,"First trimester
Statewide: 14.7% exposed"
12043,Glades,T1,2219,236,0.106354213609734,4660667,686017,0.147192880332364,"First trimester
Statewide: 14.7% exposed"
12045,Gulf,T1,2513,522,0.207719856744926,4660667,686017,0.147192880332364,"First trimester
Statewide: 14.7% exposed"
12047,Hamilton,T1,2969,455,0.153250252610307,4660667,686017,0.147192880332364,"First trimester
Statewide: 14.7% exposed"
12049,Hardee,T1,7782,923,0.118607041891545,4660667,686017,0.147192880332364,"First trimester
Statewide: 14.7% exposed"
12051,Hendry,T1,11298,1176,0.104089219330855,4660667,686017,0.147192880332364,"First trimester
Statewide: 14.7% exposed"
12053,Hernando,T1,32598,5040,0.154610712313639,4660667,686017,0.147192880332364,"First trimester
Statewide: 14.7% exposed"
12055,Highlands,T1,19061,2062,0.108179004249515,4660667,686017,0.147192880332364,"First trimester
Statewide: 14.7% exposed"
12057,Hillsborough,T1,353278,61981,0.175445399939991,4660667,686017,0.147192880332364,"First trimester
Statewide: 14.7% exposed"
12059,Holmes,T1,3767,564,0.149721263604991,4660667,686017,0.147192880332364,"First trimester
Statewide: 14.7% exposed"
12061,Indian River,T1,26388,3532,0.133848719114749,4660667,686017,0.147192880332364,"First trimester
Statewide: 14.7% exposed"
12063,Jackson,T1,9585,1469,0.153260302556077,4660667,686017,0.147192880332364,"First trimester
Statewide: 14.7% exposed"
12065,Jefferson,T1,2817,411,0.145899893503727,4660667,686017,0.147192880332364,"First trimester
Statewide: 14.7% exposed"
12067,Lafayette,T1,1404,259,0.184472934472934,4660667,686017,0.147192880332364,"First trimester
Statewide: 14.7% exposed"
12069,Lake,T1,66829,10284,0.153885289320505,4660667,686017,0.147192880332364,"First trimester
Statewide: 14.7% exposed"
12071,Lee,T1,140242,15444,0.110123928637641,4660667,686017,0.147192880332364,"First trimester
Statewide: 14.7% exposed"
12073,Leon,T1,64578,8802,0.136300288023785,4660667,686017,0.147192880332364,"First trimester
Statewide: 14.7% exposed"
12075,Levy,T1,8776,1279,0.14573837739289,4660667,686017,0.147192880332364,"First trimester
Statewide: 14.7% exposed"
12077,Liberty,T1,1372,261,0.190233236151604,4660667,686017,0.147192880332364,"First trimester
Statewide: 14.7% exposed"
12079,Madison,T1,3407,521,0.152920457880834,4660667,686017,0.147192880332364,"First trimester
Statewide: 14.7% exposed"
12081,Manatee,T1,77863,14093,0.180997392856684,4660667,686017,0.147192880332364,"First trimester
Statewide: 14.7% exposed"
12083,Marion,T1,71191,10193,0.143178210728884,4660667,686017,0.147192880332364,"First trimester
Statewide: 14.7% exposed"
12085,Martin,T1,25820,3241,0.125522850503486,4660667,686017,0.147192880332364,"First trimester
Statewide: 14.7% exposed"
12086,Miami-Dade,T1,684127,90447,0.132207908765478,4660667,686017,0.147192880332364,"First trimester
Statewide: 14.7% exposed"
12087,Monroe,T1,14754,1700,0.115222990375491,4660667,686017,0.147192880332364,"First trimester
Statewide: 14.7% exposed"
12089,Nassau,T1,15652,2625,0.167710196779964,4660667,686017,0.147192880332364,"First trimester
Statewide: 14.7% exposed"
12091,Okaloosa,T1,55171,10464,0.189664860162042,4660667,686017,0.147192880332364,"First trimester
Statewide: 14.7% exposed"
12093,Okeechobee,T1,10684,1330,0.124485211531262,4660667,686017,0.147192880332364,"First trimester
Statewide: 14.7% exposed"
12095,Orange,T1,341028,51025,0.149621145477791,4660667,686017,0.147192880332364,"First trimester
Statewide: 14.7% exposed"
12097,Osceola,T1,81461,11169,0.137108555014056,4660667,686017,0.147192880332364,"First trimester
Statewide: 14.7% exposed"
12099,Palm Beach,T1,313840,39854,0.126988274279888,4660667,686017,0.147192880332364,"First trimester
Statewide: 14.7% exposed"
12101,Pasco,T1,103560,18015,0.173957126303592,4660667,686017,0.147192880332364,"First trimester
Statewide: 14.7% exposed"
12103,Pinellas,T1,182522,32454,0.177808702512574,4660667,686017,0.147192880332364,"First trimester
Statewide: 14.7% exposed"
12105,Polk,T1,165343,23246,0.140592586320558,4660667,686017,0.147192880332364,"First trimester
Statewide: 14.7% exposed"
12107,Putnam,T1,17431,2478,0.142160518616258,4660667,686017,0.147192880332364,"First trimester
Statewide: 14.7% exposed"
12109,St. Johns,T1,40721,6500,0.159622799047175,4660667,686017,0.147192880332364,"First trimester
Statewide: 14.7% exposed"
12111,St. Lucie,T1,65418,8904,0.13610932770797,4660667,686017,0.147192880332364,"First trimester
Statewide: 14.7% exposed"
12113,Santa Rosa,T1,38935,7220,0.185437267240272,4660667,686017,0.147192880332364,"First trimester
Statewide: 14.7% exposed"
12115,Sarasota,T1,60384,8987,0.148830816110228,4660667,686017,0.147192880332364,"First trimester
Statewide: 14.7% exposed"
12117,Seminole,T1,101295,15444,0.152465570857397,4660667,686017,0.147192880332364,"First trimester
Statewide: 14.7% exposed"
12119,Sumter,T1,9328,1481,0.158769296740995,4660667,686017,0.147192880332364,"First trimester
Statewide: 14.7% exposed"
12121,Suwannee,T1,9740,1401,0.143839835728953,4660667,686017,0.147192880332364,"First trimester
Statewide: 14.7% exposed"
12123,Taylor,T1,4985,713,0.143029087261785,4660667,686017,0.147192880332364,"First trimester
Statewide: 14.7% exposed"
12125,Union,T1,2601,382,0.146866589773164,4660667,686017,0.147192880332364,"First trimester
Statewide: 14.7% exposed"
12127,Volusia,T1,102209,17086,0.167167274897514,4660667,686017,0.147192880332364,"First trimester
Statewide: 14.7% exposed"
12129,Wakulla,T1,6618,1127,0.170293139921426,4660667,686017,0.147192880332364,"First trimester
Statewide: 14.7% exposed"
12131,Walton,T1,14703,2666,0.181323539413725,4660667,686017,0.147192880332364,"First trimester
Statewide: 14.7% exposed"
12133,Washington,T1,5044,812,0.160983346550357,4660667,686017,0.147192880332364,"First trimester
Statewide: 14.7% exposed"
12001,Alachua,T2,55155,8891,0.161200253830115,4660590,810753,0.173959305581482,"Second trimester
Statewide: 17.4% exposed"
12003,Baker,T2,6961,1327,0.190633529665278,4660590,810753,0.173959305581482,"Second trimester
Statewide: 17.4% exposed"
12005,Bay,T2,45395,9845,0.216874105077652,4660590,810753,0.173959305581482,"Second trimester
Statewide: 17.4% exposed"
12007,Bradford,T2,5974,1142,0.191161700703047,4660590,810753,0.173959305581482,"Second trimester
Statewide: 17.4% exposed"
12009,Brevard,T2,110486,17910,0.162101985771953,4660590,810753,0.173959305581482,"Second trimester
Statewide: 17.4% exposed"
12011,Broward,T2,476968,75353,0.157983344794619,4660590,810753,0.173959305581482,"Second trimester
Statewide: 17.4% exposed"
12013,Calhoun,T2,2688,605,0.225074404761905,4660590,810753,0.173959305581482,"Second trimester
Statewide: 17.4% exposed"
12015,Charlotte,T2,22601,3285,0.145347550993319,4660590,810753,0.173959305581482,"Second trimester
Statewide: 17.4% exposed"
12017,Citrus,T2,21514,3731,0.173421957794924,4660590,810753,0.173959305581482,"Second trimester
Statewide: 17.4% exposed"
12019,Clay,T2,45641,8610,0.188646173396727,4660590,810753,0.173959305581482,"Second trimester
Statewide: 17.4% exposed"
12021,Collier,T2,72586,9974,0.137409417794065,4660590,810753,0.173959305581482,"Second trimester
Statewide: 17.4% exposed"
12023,Columbia,T2,14010,2651,0.189221984296931,4660590,810753,0.173959305581482,"Second trimester
Statewide: 17.4% exposed"
12027,DeSoto,T2,7609,1120,0.147194112235511,4660590,810753,0.173959305581482,"Second trimester
Statewide: 17.4% exposed"
12029,Dixie,T2,2543,542,0.213134093590248,4660590,810753,0.173959305581482,"Second trimester
Statewide: 17.4% exposed"
12031,Duval,T2,270312,52449,0.194031341560863,4660590,810753,0.173959305581482,"Second trimester
Statewide: 17.4% exposed"
12033,Escambia,T2,82760,16656,0.201256645722571,4660590,810753,0.173959305581482,"Second trimester
Statewide: 17.4% exposed"
12035,Flagler,T2,16312,2900,0.177783227072094,4660590,810753,0.173959305581482,"Second trimester
Statewide: 17.4% exposed"
12037,Franklin,T2,2021,508,0.251360712518555,4660590,810753,0.173959305581482,"Second trimester
Statewide: 17.4% exposed"
12039,Gadsden,T2,12313,2179,0.176967432794607,4660590,810753,0.173959305581482,"Second trimester
Statewide: 17.4% exposed"
12041,Gilchrist,T2,3473,666,0.191765044630003,4660590,810753,0.173959305581482,"Second trimester
Statewide: 17.4% exposed"
12043,Glades,T2,2219,285,0.128436232537179,4660590,810753,0.173959305581482,"Second trimester
Statewide: 17.4% exposed"
12045,Gulf,T2,2513,597,0.237564663748508,4660590,810753,0.173959305581482,"Second trimester
Statewide: 17.4% exposed"
12047,Hamilton,T2,2969,557,0.187605254294375,4660590,810753,0.173959305581482,"Second trimester
Statewide: 17.4% exposed"
12049,Hardee,T2,7781,1092,0.14034185837296,4660590,810753,0.173959305581482,"Second trimester
Statewide: 17.4% exposed"
12051,Hendry,T2,11298,1388,0.122853602407506,4660590,810753,0.173959305581482,"Second trimester
Statewide: 17.4% exposed"
12053,Hernando,T2,32597,5943,0.182317391170967,4660590,810753,0.173959305581482,"Second trimester
Statewide: 17.4% exposed"
12055,Highlands,T2,19061,2452,0.128639630659462,4660590,810753,0.173959305581482,"Second trimester
Statewide: 17.4% exposed"
12057,Hillsborough,T2,353278,71748,0.203092182360634,4660590,810753,0.173959305581482,"Second trimester
Statewide: 17.4% exposed"
12059,Holmes,T2,3767,656,0.174143881072471,4660590,810753,0.173959305581482,"Second trimester
Statewide: 17.4% exposed"
12061,Indian River,T2,26388,4275,0.162005457025921,4660590,810753,0.173959305581482,"Second trimester
Statewide: 17.4% exposed"
12063,Jackson,T2,9585,1639,0.170996348461137,4660590,810753,0.173959305581482,"Second trimester
Statewide: 17.4% exposed"
12065,Jefferson,T2,2817,468,0.166134185303514,4660590,810753,0.173959305581482,"Second trimester
Statewide: 17.4% exposed"
12067,Lafayette,T2,1404,271,0.193019943019943,4660590,810753,0.173959305581482,"Second trimester
Statewide: 17.4% exposed"
12069,Lake,T2,66828,12124,0.181420961273718,4660590,810753,0.173959305581482,"Second trimester
Statewide: 17.4% exposed"
12071,Lee,T2,140241,17756,0.126610620289359,4660590,810753,0.173959305581482,"Second trimester
Statewide: 17.4% exposed"
12073,Leon,T2,64575,10230,0.158420441347271,4660590,810753,0.173959305581482,"Second trimester
Statewide: 17.4% exposed"
12075,Levy,T2,8776,1652,0.18824065633546,4660590,810753,0.173959305581482,"Second trimester
Statewide: 17.4% exposed"
12077,Liberty,T2,1372,302,0.220116618075802,4660590,810753,0.173959305581482,"Second trimester
Statewide: 17.4% exposed"
12079,Madison,T2,3407,559,0.164073965365424,4660590,810753,0.173959305581482,"Second trimester
Statewide: 17.4% exposed"
12081,Manatee,T2,77863,16126,0.207107355226488,4660590,810753,0.173959305581482,"Second trimester
Statewide: 17.4% exposed"
12083,Marion,T2,71188,12118,0.170225318873968,4660590,810753,0.173959305581482,"Second trimester
Statewide: 17.4% exposed"
12085,Martin,T2,25820,3928,0.152130131680868,4660590,810753,0.173959305581482,"Second trimester
Statewide: 17.4% exposed"
12086,Miami-Dade,T2,684115,111066,0.162349897312586,4660590,810753,0.173959305581482,"Second trimester
Statewide: 17.4% exposed"
12087,Monroe,T2,14753,1953,0.132379854944757,4660590,810753,0.173959305581482,"Second trimester
Statewide: 17.4% exposed"
12089,Nassau,T2,15652,3070,0.196141068234092,4660590,810753,0.173959305581482,"Second trimester
Statewide: 17.4% exposed"
12091,Okaloosa,T2,55170,11521,0.208827261192677,4660590,810753,0.173959305581482,"Second trimester
Statewide: 17.4% exposed"
12093,Okeechobee,T2,10684,1642,0.153687757394234,4660590,810753,0.173959305581482,"Second trimester
Statewide: 17.4% exposed"
12095,Orange,T2,341026,59393,0.174159741485986,4660590,810753,0.173959305581482,"Second trimester
Statewide: 17.4% exposed"
12097,Osceola,T2,81461,12836,0.1575723352279,4660590,810753,0.173959305581482,"Second trimester
Statewide: 17.4% exposed"
12099,Palm Beach,T2,313837,49755,0.158537712251901,4660590,810753,0.173959305581482,"Second trimester
Statewide: 17.4% exposed"
12101,Pasco,T2,103560,20952,0.202317497103129,4660590,810753,0.173959305581482,"Second trimester
Statewide: 17.4% exposed"
12103,Pinellas,T2,182519,37328,0.204515694256488,4660590,810753,0.173959305581482,"Second trimester
Statewide: 17.4% exposed"
12105,Polk,T2,165337,27221,0.164639493882192,4660590,810753,0.173959305581482,"Second trimester
Statewide: 17.4% exposed"
12107,Putnam,T2,17430,2967,0.170223752151463,4660590,810753,0.173959305581482,"Second trimester
Statewide: 17.4% exposed"
12109,St. Johns,T2,40720,7455,0.183079567779961,4660590,810753,0.173959305581482,"Second trimester
Statewide: 17.4% exposed"
12111,St. Lucie,T2,65416,11100,0.169683257918552,4660590,810753,0.173959305581482,"Second trimester
Statewide: 17.4% exposed"
12113,Santa Rosa,T2,38934,7969,0.204679714388452,4660590,810753,0.173959305581482,"Second trimester
Statewide: 17.4% exposed"
12115,Sarasota,T2,60384,10429,0.172711314255432,4660590,810753,0.173959305581482,"Second trimester
Statewide: 17.4% exposed"
12117,Seminole,T2,101295,17881,0.176524014018461,4660590,810753,0.173959305581482,"Second trimester
Statewide: 17.4% exposed"
12119,Sumter,T2,9328,1756,0.188250428816467,4660590,810753,0.173959305581482,"Second trimester
Statewide: 17.4% exposed"
12121,Suwannee,T2,9740,1628,0.167145790554415,4660590,810753,0.173959305581482,"Second trimester
Statewide: 17.4% exposed"
12123,Taylor,T2,4985,819,0.164292878635908,4660590,810753,0.173959305581482,"Second trimester
Statewide: 17.4% exposed"
12125,Union,T2,2601,441,0.169550173010381,4660590,810753,0.173959305581482,"Second trimester
Statewide: 17.4% exposed"
12127,Volusia,T2,102209,19873,0.19443493234451,4660590,810753,0.173959305581482,"Second trimester
Statewide: 17.4% exposed"
12129,Wakulla,T2,6618,1269,0.191749773345422,4660590,810753,0.173959305581482,"Second trimester
Statewide: 17.4% exposed"
12131,Walton,T2,14703,2960,0.201319458613888,4660590,810753,0.173959305581482,"Second trimester
Statewide: 17.4% exposed"
12133,Washington,T2,5044,959,0.190126883425853,4660590,810753,0.173959305581482,"Second trimester
Statewide: 17.4% exposed"
12001,Alachua,T3,54597,7434,0.13616132754547,4624966,675412,0.146036100589712,"Third trimester
Statewide: 14.6% exposed"
12003,Baker,T3,6919,1125,0.162595750831045,4624966,675412,0.146036100589712,"Third trimester
Statewide: 14.6% exposed"
12005,Bay,T3,45066,7902,0.175342830515244,4624966,675412,0.146036100589712,"Third trimester
Statewide: 14.6% exposed"
12007,Bradford,T3,5922,923,0.155859506923337,4624966,675412,0.146036100589712,"Third trimester
Statewide: 14.6% exposed"
12009,Brevard,T3,109774,15303,0.139404594894966,4624966,675412,0.146036100589712,"Third trimester
Statewide: 14.6% exposed"
12011,Broward,T3,472656,63599,0.134556633153922,4624966,675412,0.146036100589712,"Third trimester
Statewide: 14.6% exposed"
12013,Calhoun,T3,2670,520,0.194756554307116,4624966,675412,0.146036100589712,"Third trimester
Statewide: 14.6% exposed"
12015,Charlotte,T3,22487,2823,0.125539200426913,4624966,675412,0.146036100589712,"Third trimester
Statewide: 14.6% exposed"
12017,Citrus,T3,21391,3080,0.143985788415689,4624966,675412,0.146036100589712,"Third trimester
Statewide: 14.6% exposed"
12019,Clay,T3,45356,7185,0.158413440338654,4624966,675412,0.146036100589712,"Third trimester
Statewide: 14.6% exposed"
12021,Collier,T3,72135,8628,0.119609066333957,4624966,675412,0.146036100589712,"Third trimester
Statewide: 14.6% exposed"
12023,Columbia,T3,13876,2344,0.168924762179302,4624966,675412,0.146036100589712,"Third trimester
Statewide: 14.6% exposed"
12027,DeSoto,T3,7570,939,0.124042272126816,4624966,675412,0.146036100589712,"Third trimester
Statewide: 14.6% exposed"
12029,Dixie,T3,2524,448,0.177496038034865,4624966,675412,0.146036100589712,"Third trimester
Statewide: 14.6% exposed"
12031,Duval,T3,267772,43008,0.160614253917512,4624966,675412,0.146036100589712,"Third trimester
Statewide: 14.6% exposed"
12033,Escambia,T3,82130,12979,0.158029952514307,4624966,675412,0.146036100589712,"Third trimester
Statewide: 14.6% exposed"
12035,Flagler,T3,16202,2541,0.156832489816072,4624966,675412,0.146036100589712,"Third trimester
Statewide: 14.6% exposed"
12037,Franklin,T3,2014,350,0.173783515392254,4624966,675412,0.146036100589712,"Third trimester
Statewide: 14.6% exposed"
12039,Gadsden,T3,12161,1720,0.141435737192665,4624966,675412,0.146036100589712,"Third trimester
Statewide: 14.6% exposed"
12041,Gilchrist,T3,3448,579,0.16792343387471,4624966,675412,0.146036100589712,"Third trimester
Statewide: 14.6% exposed"
12043,Glades,T3,2202,247,0.112170753860127,4624966,675412,0.146036100589712,"Third trimester
Statewide: 14.6% exposed"
12045,Gulf,T3,2494,519,0.208099438652767,4624966,675412,0.146036100589712,"Third trimester
Statewide: 14.6% exposed"
12047,Hamilton,T3,2931,430,0.146707608324804,4624966,675412,0.146036100589712,"Third trimester
Statewide: 14.6% exposed"
12049,Hardee,T3,7733,831,0.10746152851416,4624966,675412,0.146036100589712,"Third trimester
Statewide: 14.6% exposed"
12051,Hendry,T3,11223,1189,0.10594315245478,4624966,675412,0.146036100589712,"Third trimester
Statewide: 14.6% exposed"
12053,Hernando,T3,32383,5025,0.155174011055183,4624966,675412,0.146036100589712,"Third trimester
Statewide: 14.6% exposed"
12055,Highlands,T3,18917,2105,0.111275572236613,4624966,675412,0.146036100589712,"Third trimester
Statewide: 14.6% exposed"
12057,Hillsborough,T3,350348,58435,0.166791304645667,4624966,675412,0.146036100589712,"Third trimester
Statewide: 14.6% exposed"
12059,Holmes,T3,3747,555,0.148118494795837,4624966,675412,0.146036100589712,"Third trimester
Statewide: 14.6% exposed"
12061,Indian River,T3,26203,3756,0.14334236537801,4624966,675412,0.146036100589712,"Third trimester
Statewide: 14.6% exposed"
12063,Jackson,T3,9509,1304,0.137133242191608,4624966,675412,0.146036100589712,"Third trimester
Statewide: 14.6% exposed"
12065,Jefferson,T3,2795,380,0.135957066189624,4624966,675412,0.146036100589712,"Third trimester
Statewide: 14.6% exposed"
12067,Lafayette,T3,1395,211,0.151254480286738,4624966,675412,0.146036100589712,"Third trimester
Statewide: 14.6% exposed"
12069,Lake,T3,66400,10113,0.15230421686747,4624966,675412,0.146036100589712,"Third trimester
Statewide: 14.6% exposed"
12071,Lee,T3,139226,15378,0.11045350724721,4624966,675412,0.146036100589712,"Third trimester
Statewide: 14.6% exposed"
12073,Leon,T3,63966,8056,0.125941906637901,4624966,675412,0.146036100589712,"Third trimester
Statewide: 14.6% exposed"
12075,Levy,T3,8701,1341,0.154120216067119,4624966,675412,0.146036100589712,"Third trimester
Statewide: 14.6% exposed"
12077,Liberty,T3,1366,242,0.177159590043924,4624966,675412,0.146036100589712,"Third trimester
Statewide: 14.6% exposed"
12079,Madison,T3,3373,492,0.145864215831604,4624966,675412,0.146036100589712,"Third trimester
Statewide: 14.6% exposed"
12081,Manatee,T3,77346,13272,0.171592583973315,4624966,675412,0.146036100589712,"Third trimester
Statewide: 14.6% exposed"
12083,Marion,T3,70664,10235,0.144840371334767,4624966,675412,0.146036100589712,"Third trimester
Statewide: 14.6% exposed"
12085,Martin,T3,25688,3486,0.135705387729679,4624966,675412,0.146036100589712,"Third trimester
Statewide: 14.6% exposed"
12086,Miami-Dade,T3,678657,92927,0.136927785317178,4624966,675412,0.146036100589712,"Third trimester
Statewide: 14.6% exposed"
12087,Monroe,T3,14651,1804,0.123131526858235,4624966,675412,0.146036100589712,"Third trimester
Statewide: 14.6% exposed"
12089,Nassau,T3,15566,2485,0.1596428112553,4624966,675412,0.146036100589712,"Third trimester
Statewide: 14.6% exposed"
12091,Okaloosa,T3,54904,9175,0.167109864490748,4624966,675412,0.146036100589712,"Third trimester
Statewide: 14.6% exposed"
12093,Okeechobee,T3,10625,1336,0.125741176470588,4624966,675412,0.146036100589712,"Third trimester
Statewide: 14.6% exposed"
12095,Orange,T3,338122,49176,0.145438628660661,4624966,675412,0.146036100589712,"Third trimester
Statewide: 14.6% exposed"
12097,Osceola,T3,80882,10891,0.134652951212878,4624966,675412,0.146036100589712,"Third trimester
Statewide: 14.6% exposed"
12099,Palm Beach,T3,311639,42457,0.136237762282641,4624966,675412,0.146036100589712,"Third trimester
Statewide: 14.6% exposed"
12101,Pasco,T3,102927,17205,0.167157305663237,4624966,675412,0.146036100589712,"Third trimester
Statewide: 14.6% exposed"
12103,Pinellas,T3,181194,30546,0.168581741117256,4624966,675412,0.146036100589712,"Third trimester
Statewide: 14.6% exposed"
12105,Polk,T3,164033,22920,0.139727981564685,4624966,675412,0.146036100589712,"Third trimester
Statewide: 14.6% exposed"
12107,Putnam,T3,17270,2460,0.142443543717429,4624966,675412,0.146036100589712,"Third trimester
Statewide: 14.6% exposed"
12109,St. Johns,T3,40511,6340,0.156500703512626,4624966,675412,0.146036100589712,"Third trimester
Statewide: 14.6% exposed"
12111,St. Lucie,T3,64967,9579,0.147444086998014,4624966,675412,0.146036100589712,"Third trimester
Statewide: 14.6% exposed"
12113,Santa Rosa,T3,38763,6410,0.165363877924825,4624966,675412,0.146036100589712,"Third trimester
Statewide: 14.6% exposed"
12115,Sarasota,T3,60051,8738,0.145509650130722,4624966,675412,0.146036100589712,"Third trimester
Statewide: 14.6% exposed"
12117,Seminole,T3,100656,15074,0.149757590208234,4624966,675412,0.146036100589712,"Third trimester
Statewide: 14.6% exposed"
12119,Sumter,T3,9269,1369,0.147696623152444,4624966,675412,0.146036100589712,"Third trimester
Statewide: 14.6% exposed"
12121,Suwannee,T3,9665,1408,0.145680289705122,4624966,675412,0.146036100589712,"Third trimester
Statewide: 14.6% exposed"
12123,Taylor,T3,4958,709,0.143001210165389,4624966,675412,0.146036100589712,"Third trimester
Statewide: 14.6% exposed"
12125,Union,T3,2582,401,0.155305964368706,4624966,675412,0.146036100589712,"Third trimester
Statewide: 14.6% exposed"
12127,Volusia,T3,101573,16835,0.165742864737676,4624966,675412,0.146036100589712,"Third trimester
Statewide: 14.6% exposed"
12129,Wakulla,T3,6580,1081,0.164285714285714,4624966,675412,0.146036100589712,"Third trimester
Statewide: 14.6% exposed"
12131,Walton,T3,14634,2326,0.158944922782561,4624966,675412,0.146036100589712,"Third trimester
Statewide: 14.6% exposed"
12133,Washington,T3,5007,728,0.145396444977032,4624966,675412,0.146036100589712,"Third trimester
Statewide: 14.6% exposed"
