outcome,trimester,sample,threshold_kt,exposure,OR,conf_low,conf_high,n,events
LBW,T1,birth,34,exposed_window_T1_34,1.01790044789225,1.00367104155016,1.03233158966006,2974057,166410
LBW,T1,birth,55,exposed_window_T1_55,1.01034061678991,0.975183067663467,1.04676567486064,2974057,166410
LBW,T2,birth,34,exposed_window_T2_34,1.01445459851635,0.998152508829396,1.03102293822603,2974057,166410
LBW,T2,birth,55,exposed_window_T2_55,1.0347051680734,0.983673992012569,1.08838374657783,2974057,166410
PTB,T1,birth,34,exposed_window_T1_34,1.02755020302453,1.01302897889747,1.04227958106875,2974057,220407
PTB,T1,birth,55,exposed_window_T1_55,1.02153324061536,0.986813606984012,1.05747443518889,2974057,220407
PTB,T2,birth,34,exposed_window_T2_34,1.01206882341461,0.995521828511723,1.02889085301034,2974057,220407
PTB,T2,birth,55,exposed_window_T2_55,1.02100154383038,0.983360005976925,1.06008394297915,2974057,220407
vLBW,T1,birth,34,exposed_window_T1_34,0.973298654302454,0.934486189510499,1.01372313587982,2974057,15465
vLBW,T1,birth,55,exposed_window_T1_55,1.01079345739843,0.907441810607594,1.12591617619577,2974057,15465
vLBW,T2,birth,34,exposed_window_T2_34,0.997861140237119,0.945565697788337,1.05304883364986,2974057,15465
vLBW,T2,birth,55,exposed_window_T2_55,0.954495621870714,0.885764816594079,1.02855958500762,2974057,15465
vPTB,T1,birth,34,exposed_window_T1_34,0.983513799387686,0.934960930196255,1.03458803715248,2974057,19276
vPTB,T1,birth,55,exposed_window_T1_55,0.986130140111958,0.898628254888947,1.08215232266139,2974057,19276
vPTB,T2,birth,34,exposed_window_T2_34,0.995889978193334,0.954660866619894,1.03889965886788,2974057,19276
vPTB,T2,birth,55,exposed_window_T2_55,0.961468021921365,0.881564080385695,1.04861436365798,2974057,19276
tLBW,T1,term,34,exposed_window_T1_34,0.999312971267771,0.977505034989908,1.02160743811855,2753650,62637
tLBW,T1,term,55,exposed_window_T1_55,1.0269439990666,0.97643892492515,1.08006138458659,2753650,62637
tLBW,T2,term,34,exposed_window_T2_34,1.01264236821866,0.995325358622571,1.03026066504586,2753650,62637
tLBW,T2,term,55,exposed_window_T2_55,1.03694735196651,0.97148488011642,1.10682094261879,2753650,62637
tLBW,T3,term,34,exposed_window_T3_34,0.909189727576102,0.881800002532955,0.937430209067179,2753650,62637
tLBW,T3,term,55,exposed_window_T3_55,0.914682041112218,0.878353930730932,0.952512656984401,2753650,62637
GDM,T1,complication,34,exposed_window_T1_34,0.972767910714569,0.953971220280011,0.991934964073901,2907679,151070
GDM,T1,complication,55,exposed_window_T1_55,0.967679807848351,0.9303456500453,1.00651216079941,2907679,151070
HDP,T1,complication,34,exposed_window_T1_34,1.00049036046821,0.975876904735148,1.02572461396806,2907679,168042
HDP,T1,complication,55,exposed_window_T1_55,1.00337619194992,0.96720868728522,1.0408961331786,2907679,168042
