imputation,outcome,trimester,sample,threshold_kt,exposure,beta,within_variance,n,events
1,LBW,T1,birth,34,exposed_window_T1_34,0.0160546196355649,3.83091239685876e-05,4484317,277931
1,LBW,T1,birth,55,exposed_window_T1_55,0.00791946713690954,0.000146938849183482,4484317,277931
1,LBW,T2,birth,34,exposed_window_T2_34,0.0225297511477361,2.67115587473774e-05,4484317,277931
1,LBW,T2,birth,55,exposed_window_T2_55,0.044812027869687,0.000452217071675403,4484317,277931
1,PTB,T1,birth,34,exposed_window_T1_34,0.0193130151662614,6.51447150017032e-05,4484317,360274
1,PTB,T1,birth,55,exposed_window_T1_55,0.0193099488300535,0.000271277119344046,4484317,360274
1,PTB,T2,birth,34,exposed_window_T2_34,0.018903401873973,2.43684091209251e-05,4484317,360274
1,PTB,T2,birth,55,exposed_window_T2_55,0.0420793493903364,0.000255658763239027,4484317,360274
1,vLBW,T1,birth,34,exposed_window_T1_34,0.00224579894393538,0.000262110006330108,4484317,27526
1,vLBW,T1,birth,55,exposed_window_T1_55,0.0163929978303329,0.00269023787239266,4484317,27526
1,vLBW,T2,birth,34,exposed_window_T2_34,0.0462236479187569,0.000407225818108825,4484317,27526
1,vLBW,T2,birth,55,exposed_window_T2_55,0.0274442888414559,0.00105341320074959,4484317,27526
1,vPTB,T1,birth,34,exposed_window_T1_34,0.000703856487844008,0.000225721024422664,4484317,34306
1,vPTB,T1,birth,55,exposed_window_T1_55,-0.00231583985682837,0.00154385549282916,4484317,34306
1,vPTB,T2,birth,34,exposed_window_T2_34,0.0486323695707832,0.000268410011396803,4484317,34306
1,vPTB,T2,birth,55,exposed_window_T2_55,0.0272915365108375,0.00100432972094927,4484317,34306
1,tLBW,T1,term,34,exposed_window_T1_34,-0.00250766834202584,8.58416795069008e-05,4124043,102451
1,tLBW,T1,term,55,exposed_window_T1_55,0.0114107636858027,0.000401820797862265,4124043,102451
1,tLBW,T2,term,34,exposed_window_T2_34,0.00965166789540626,4.15213667682236e-05,4124043,102451
1,tLBW,T2,term,55,exposed_window_T2_55,0.0282324335201829,0.000672006313596255,4124043,102451
1,tLBW,T3,term,34,exposed_window_T3_34,-0.0877427174771611,0.00021736702700009,4124043,102451
1,tLBW,T3,term,55,exposed_window_T3_55,-0.0837679009630819,0.000278140467525045,4124043,102451
1,GDM,T1,complication,34,exposed_window_T1_34,-0.0262482644728633,8.29300169877499e-05,3736812,184013
1,GDM,T1,complication,55,exposed_window_T1_55,-0.041580918384994,0.00032133562509232,3736812,184013
1,HDP,T1,complication,34,exposed_window_T1_34,-0.00221437318010194,0.000138509414031169,3736812,217119
1,HDP,T1,complication,55,exposed_window_T1_55,-0.000918243829157141,0.000354129951131819,3736812,217119
2,LBW,T1,birth,34,exposed_window_T1_34,0.0157912478056404,3.85135524560569e-05,4484317,277931
2,LBW,T1,birth,55,exposed_window_T1_55,0.00844352527983868,0.000148224838389236,4484317,277931
2,LBW,T2,birth,34,exposed_window_T2_34,0.0224852398850758,2.62522991549793e-05,4484317,277931
2,LBW,T2,birth,55,exposed_window_T2_55,0.0438182312860002,0.000449692737144124,4484317,277931
2,PTB,T1,birth,34,exposed_window_T1_34,0.0194483476983005,6.68112942439585e-05,4484317,360274
2,PTB,T1,birth,55,exposed_window_T1_55,0.0203398394129315,0.000273691201606019,4484317,360274
2,PTB,T2,birth,34,exposed_window_T2_34,0.0189783090007212,2.39775103715078e-05,4484317,360274
2,PTB,T2,birth,55,exposed_window_T2_55,0.0414468753823432,0.000254234806551589,4484317,360274
2,vLBW,T1,birth,34,exposed_window_T1_34,0.00212307021781318,0.000260653810554377,4484317,27526
2,vLBW,T1,birth,55,exposed_window_T1_55,0.0174253652582616,0.00267600990234065,4484317,27526
2,vLBW,T2,birth,34,exposed_window_T2_34,0.0467659424391748,0.00039975875986222,4484317,27526
2,vLBW,T2,birth,55,exposed_window_T2_55,0.0263998635323231,0.00105390802228404,4484317,27526
2,vPTB,T1,birth,34,exposed_window_T1_34,0.000798585591890841,0.000226539399387379,4484317,34306
2,vPTB,T1,birth,55,exposed_window_T1_55,-0.000904303494392366,0.00153512428408674,4484317,34306
2,vPTB,T2,birth,34,exposed_window_T2_34,0.0490339117497548,0.000262353391290037,4484317,34306
2,vPTB,T2,birth,55,exposed_window_T2_55,0.0263039443272484,0.00100481279106576,4484317,34306
2,tLBW,T1,term,34,exposed_window_T1_34,-0.00300248249437262,8.62274203834359e-05,4124043,102451
2,tLBW,T1,term,55,exposed_window_T1_55,0.011320864568474,0.000405924881523697,4124043,102451
2,tLBW,T2,term,34,exposed_window_T2_34,0.00945885127709113,4.19190396567485e-05,4124043,102451
2,tLBW,T2,term,55,exposed_window_T2_55,0.0273902103501643,0.000670729169802675,4124043,102451
2,tLBW,T3,term,34,exposed_window_T3_34,-0.0878722155516934,0.000213121319140333,4124043,102451
2,tLBW,T3,term,55,exposed_window_T3_55,-0.0837874350337586,0.000282818616870349,4124043,102451
2,GDM,T1,complication,34,exposed_window_T1_34,-0.0258366009223507,8.36150364118256e-05,3736812,184013
2,GDM,T1,complication,55,exposed_window_T1_55,-0.0396164643965013,0.000322519733942572,3736812,184013
2,HDP,T1,complication,34,exposed_window_T1_34,-0.00200067049609354,0.000137331043325207,3736812,217119
2,HDP,T1,complication,55,exposed_window_T1_55,0.000410248976406404,0.000352076103844459,3736812,217119
3,LBW,T1,birth,34,exposed_window_T1_34,0.0151598113278776,3.68636441851767e-05,4484317,277931
3,LBW,T1,birth,55,exposed_window_T1_55,0.00681732820200452,0.00014688681564365,4484317,277931
3,LBW,T2,birth,34,exposed_window_T2_34,0.0222246879517929,2.60917759976302e-05,4484317,277931
3,LBW,T2,birth,55,exposed_window_T2_55,0.0439993767983565,0.000458949826238274,4484317,277931
3,PTB,T1,birth,34,exposed_window_T1_34,0.0185963729539101,6.44794422306253e-05,4484317,360274
3,PTB,T1,birth,55,exposed_window_T1_55,0.0188294862148102,0.000269877763571811,4484317,360274
3,PTB,T2,birth,34,exposed_window_T2_34,0.0186801317165802,2.44178903060783e-05,4484317,360274
3,PTB,T2,birth,55,exposed_window_T2_55,0.0413384279279916,0.000257846109335746,4484317,360274
3,vLBW,T1,birth,34,exposed_window_T1_34,0.00116590324798814,0.000260085922140565,4484317,27526
3,vLBW,T1,birth,55,exposed_window_T1_55,0.0149029229528597,0.00267600957185851,4484317,27526
3,vLBW,T2,birth,34,exposed_window_T2_34,0.0461851689569879,0.000402552533566967,4484317,27526
3,vLBW,T2,birth,55,exposed_window_T2_55,0.0261540587209079,0.0010636783927813,4484317,27526
3,vPTB,T1,birth,34,exposed_window_T1_34,-0.000407304272377831,0.000223799338408824,4484317,34306
3,vPTB,T1,birth,55,exposed_window_T1_55,-0.00347489598888479,0.00154612919835136,4484317,34306
3,vPTB,T2,birth,34,exposed_window_T2_34,0.0484881305720543,0.000262341894212098,4484317,34306
3,vPTB,T2,birth,55,exposed_window_T2_55,0.0260605961648112,0.00100772133057835,4484317,34306
3,tLBW,T1,term,34,exposed_window_T1_34,-0.00329693254527528,8.39135708290441e-05,4124043,102451
3,tLBW,T1,term,55,exposed_window_T1_55,0.01012942978478,0.000405675917550311,4124043,102451
3,tLBW,T2,term,34,exposed_window_T2_34,0.00917574441326641,4.08524110814925e-05,4124043,102451
3,tLBW,T2,term,55,exposed_window_T2_55,0.0277676396307482,0.000678052226097331,4124043,102451
3,tLBW,T3,term,34,exposed_window_T3_34,-0.0873711200047642,0.000210834686382894,4124043,102451
3,tLBW,T3,term,55,exposed_window_T3_55,-0.0835299548920302,0.000279325481735699,4124043,102451
3,GDM,T1,complication,34,exposed_window_T1_34,-0.0260448981212268,8.29935794752695e-05,3736812,184013
3,GDM,T1,complication,55,exposed_window_T1_55,-0.0410480337464887,0.00031974411391067,3736812,184013
3,HDP,T1,complication,34,exposed_window_T1_34,-0.00203404032176307,0.00013681543958524,3736812,217119
3,HDP,T1,complication,55,exposed_window_T1_55,-0.000526823696881702,0.000353083511448107,3736812,217119
4,LBW,T1,birth,34,exposed_window_T1_34,0.015239224517459,3.73507054103498e-05,4484317,277931
4,LBW,T1,birth,55,exposed_window_T1_55,0.00720045735323494,0.000145878294217644,4484317,277931
4,LBW,T2,birth,34,exposed_window_T2_34,0.0219774677549504,2.68007164035191e-05,4484317,277931
4,LBW,T2,birth,55,exposed_window_T2_55,0.0438074757511162,0.000457002775174631,4484317,277931
4,PTB,T1,birth,34,exposed_window_T1_34,0.0188662935446703,6.61093196792874e-05,4484317,360274
4,PTB,T1,birth,55,exposed_window_T1_55,0.019439352440382,0.000272748214697916,4484317,360274
4,PTB,T2,birth,34,exposed_window_T2_34,0.0186966337382351,2.41719833444999e-05,4484317,360274
4,PTB,T2,birth,55,exposed_window_T2_55,0.0411379139499452,0.000257308165410345,4484317,360274
4,vLBW,T1,birth,34,exposed_window_T1_34,0.0013644759078191,0.000258430059546593,4484317,27526
4,vLBW,T1,birth,55,exposed_window_T1_55,0.015864773354467,0.00268613548464931,4484317,27526
4,vLBW,T2,birth,34,exposed_window_T2_34,0.0455403481130075,0.000407568032104972,4484317,27526
4,vLBW,T2,birth,55,exposed_window_T2_55,0.0255833814914716,0.0010624784484739,4484317,27526
4,vPTB,T1,birth,34,exposed_window_T1_34,-0.000101573965696296,0.000223652008623336,4484317,34306
4,vPTB,T1,birth,55,exposed_window_T1_55,-0.00241443123214764,0.00153867906866288,4484317,34306
4,vPTB,T2,birth,34,exposed_window_T2_34,0.0478528708125043,0.000266133383221327,4484317,34306
4,vPTB,T2,birth,55,exposed_window_T2_55,0.0252492441609099,0.00101143416947631,4484317,34306
4,tLBW,T1,term,34,exposed_window_T1_34,-0.00347163266775509,8.56067535473811e-05,4124043,102451
4,tLBW,T1,term,55,exposed_window_T1_55,0.0100615436559061,0.000403821220040756,4124043,102451
4,tLBW,T2,term,34,exposed_window_T2_34,0.00902427384325336,4.07040763529871e-05,4124043,102451
4,tLBW,T2,term,55,exposed_window_T2_55,0.0276733967658459,0.00067913897023356,4124043,102451
4,tLBW,T3,term,34,exposed_window_T3_34,-0.0874763889756392,0.000208686253476237,4124043,102451
4,tLBW,T3,term,55,exposed_window_T3_55,-0.0835886767107002,0.00027932257088481,4124043,102451
4,GDM,T1,complication,34,exposed_window_T1_34,-0.0258191104882054,8.24121310662143e-05,3736812,184013
4,GDM,T1,complication,55,exposed_window_T1_55,-0.0401346136091522,0.000315910502911344,3736812,184013
4,HDP,T1,complication,34,exposed_window_T1_34,-0.0019409930400039,0.000138920224506679,3736812,217119
4,HDP,T1,complication,55,exposed_window_T1_55,0.000137044274544517,0.00034693258567274,3736812,217119
5,LBW,T1,birth,34,exposed_window_T1_34,0.0154377094763006,3.8753155832344e-05,4484317,277931
5,LBW,T1,birth,55,exposed_window_T1_55,0.00769399438009849,0.000151582965867614,4484317,277931
5,LBW,T2,birth,34,exposed_window_T2_34,0.0221479181359547,2.59126426716477e-05,4484317,277931
5,LBW,T2,birth,55,exposed_window_T2_55,0.0446697907108812,0.000447586824173833,4484317,277931
5,PTB,T1,birth,34,exposed_window_T1_34,0.0190345310357743,6.6463514114592e-05,4484317,360274
5,PTB,T1,birth,55,exposed_window_T1_55,0.0198820016491639,0.000271370993906181,4484317,360274
5,PTB,T2,birth,34,exposed_window_T2_34,0.0186626839176168,2.41010839370436e-05,4484317,360274
5,PTB,T2,birth,55,exposed_window_T2_55,0.042097523640977,0.000255339593908701,4484317,360274
5,vLBW,T1,birth,34,exposed_window_T1_34,0.0016984888118045,0.000256748085357909,4484317,27526
5,vLBW,T1,birth,55,exposed_window_T1_55,0.0169279738436786,0.00268923731507409,4484317,27526
5,vLBW,T2,birth,34,exposed_window_T2_34,0.0463336905080592,0.000405737589600285,4484317,27526
5,vLBW,T2,birth,55,exposed_window_T2_55,0.0278105570311013,0.00105963059587755,4484317,27526
5,vPTB,T1,birth,34,exposed_window_T1_34,0.000243883948069036,0.000224151266720738,4484317,34306
5,vPTB,T1,birth,55,exposed_window_T1_55,-0.0013997396372035,0.00155216820536027,4484317,34306
5,vPTB,T2,birth,34,exposed_window_T2_34,0.0485331467494466,0.000266403443889372,4484317,34306
5,vPTB,T2,birth,55,exposed_window_T2_55,0.0277925404080023,0.00101122766327245,4484317,34306
5,tLBW,T1,term,34,exposed_window_T1_34,-0.00321430547735361,8.6169759485805e-05,4124043,102451
5,tLBW,T1,term,55,exposed_window_T1_55,0.0106464751883908,0.000414184573674633,4124043,102451
5,tLBW,T2,term,34,exposed_window_T2_34,0.00909068146570039,4.14950020194067e-05,4124043,102451
5,tLBW,T2,term,55,exposed_window_T2_55,0.0279267073566684,0.000659020253786969,4124043,102451
5,tLBW,T3,term,34,exposed_window_T3_34,-0.0877123616661499,0.000213749894217539,4124043,102451
5,tLBW,T3,term,55,exposed_window_T3_55,-0.0840919644926488,0.00027577159708064,4124043,102451
5,GDM,T1,complication,34,exposed_window_T1_34,-0.0259782888744818,8.30688568734527e-05,3736812,184013
5,GDM,T1,complication,55,exposed_window_T1_55,-0.0399220899615614,0.00032056344496598,3736812,184013
5,HDP,T1,complication,34,exposed_window_T1_34,-0.00212722491952359,0.00013776111206101,3736812,217119
5,HDP,T1,complication,55,exposed_window_T1_55,0.000638773650586247,0.000353622276558761,3736812,217119
