outcome,trimester,sample,threshold_kt,exposure,beta,standard_error,degrees_freedom,OR,conf_low,conf_high,n,events,estimate,old_OR,old_low,old_high,old_estimate,OR_absolute_difference,log_OR_difference,percent_change_in_OR,old_direction,corrected_direction,direction_changed,corrected_excludes_null,old_excludes_null
GDM,T1,complication,34,exposed_window_T1_34,-0.0259854325758256,0.00911266528899049,20429457.4959355,0.97434928326467,0.957101407298572,0.991907982329631,3736812,184013,"0.974 (0.957, 0.992)",1.05,1.041,1.068,"1.050 (1.041, 1.068)",-0.0756507167353301,-0.0747755967452576,-7.20483016526953,above null,below null,TRUE,TRUE,TRUE
HDP,T1,complication,34,exposed_window_T1_34,-0.00206346039149721,0.0117422928249297,388313626.675119,0.997938667079328,0.975233907629414,1.0211720239228,3736812,217119,"0.998 (0.975, 1.021)",1.127,1.114,1.141,"1.127 (1.114, 1.141)",-0.129061332920672,-0.121622695449136,-11.4517597977527,above null,below null,TRUE,FALSE,TRUE
LBW,T1,birth,34,exposed_window_T1_34,0.0155365225525685,0.00617495325333321,196553.453799669,1.01565784179785,1.00343966415616,1.02802479157822,4484317,277931,"1.016 (1.003, 1.028)",,,,,,,,,above null,FALSE,TRUE,FALSE
LBW,T2,birth,34,exposed_window_T2_34,0.022273012975102,0.00513991092543014,663107.624318463,1.02252290838781,1.01227366502081,1.03287592506554,4484317,277931,"1.023 (1.012, 1.033)",,,,,,,,,above null,FALSE,TRUE,FALSE
PTB,T1,birth,34,exposed_window_T1_34,0.0190517120797833,0.00812046423989377,883846.694271384,1.01923435398288,1.00314079482904,1.03558610485573,4484317,360274,"1.019 (1.003, 1.036)",1.012,1.004,1.02,"1.012 (1.004, 1.020)",0.0072343539828752,0.00712314121450942,0.714857112932332,above null,above null,FALSE,TRUE,TRUE
PTB,T2,birth,34,exposed_window_T2_34,0.0187842320494252,0.00492269447524153,3599509.85133,1.01896176560453,1.00917778486819,1.02884060205459,4484317,360274,"1.019 (1.009, 1.029)",1.008,1,1.016,"1.008 (1.000, 1.016)",0.0109617656045291,0.0108160624002484,1.08747674648106,above null,above null,FALSE,TRUE,FALSE
tLBW,T1,term,34,exposed_window_T1_34,-0.00309860430535649,0.0092583438836779,1078268.36898409,0.996906191414339,0.978979432609368,1.01516121930296,4124043,102451,"0.997 (0.979, 1.015)",1.023,1.006,1.04,"1.023 (1.006, 1.040)",-0.0260938085856605,-0.0258380912748458,-2.55071442675078,above null,below null,TRUE,FALSE,TRUE
tLBW,T2,term,34,exposed_window_T2_34,0.00928024377894351,0.00643296576303488,955548.375381312,1.00932343875782,0.996677378762467,1.02212995472099,4124043,102451,"1.009 (0.997, 1.022)",1.034,1.019,1.051,"1.034 (1.019, 1.051)",-0.0246765612421795,-0.0241545323072939,-2.38651462690325,above null,above null,FALSE,FALSE,TRUE
tLBW,T3,term,34,exposed_window_T3_34,-0.0876349607350816,0.0145877493399036,70762321.5255422,0.916095226422277,0.89027362067421,0.94266576520388,4124043,102451,"0.916 (0.890, 0.943)",0.966,0.95,0.982,"0.966 (0.950, 0.982)",-0.0499047735777228,-0.0530435159654625,-5.16612562916385,below null,below null,FALSE,TRUE,TRUE
vLBW,T1,birth,34,exposed_window_T1_34,0.00171954742587206,0.0161204038570451,3939846.57733586,1.00172102669532,0.970565999268548,1.0338761259716,4484317,27526,"1.002 (0.971, 1.034)",,,,,,,,,above null,FALSE,FALSE,FALSE
vLBW,T2,birth,34,exposed_window_T2_34,0.0462097595871973,0.0201196577732335,12169099.6069538,1.04729406788991,1.00679895974376,1.08941795581171,4484317,27526,"1.047 (1.007, 1.089)",0.914,0.896,0.933,"0.914 (0.896, 0.933)",0.133294067889913,0.136134467115184,14.5835960492246,below null,above null,TRUE,TRUE,TRUE
vPTB,T1,birth,34,exposed_window_T1_34,0.000247489557945952,0.0150030458503547,1994357.58378427,1.00024752018601,0.971263033764321,1.03009696329186,4484317,34306,"1.000 (0.971, 1.030)",,,,,,,,,above null,FALSE,FALSE,FALSE
vPTB,T2,birth,34,exposed_window_T2_34,0.0485080858909086,0.0162894170092151,5998431.38918884,1.0497038595769,1.01671964332436,1.08375814320637,4484317,34306,"1.050 (1.017, 1.084)",0.919,0.902,0.937,"0.919 (0.902, 0.937)",0.130703859576904,0.132977242517359,14.222400389217,below null,above null,TRUE,TRUE,TRUE
