group,period,log_rate_ratio,standard_error,p_value,observations,rate_ratio,ci_lower,ci_upper,percent_change
All ages,Days -14 to -8,0.0361253028965347,0.010355882422935,0.000485948163085978,8154870,1.03678575060971,1.01595369603353,1.0580449649074,3.67857506097098
All ages,Days -7 to -1,0.0470256089409722,0.0109126623115294,1.63794259775279e-05,8154870,1.04814885071801,1.02596823969899,1.07080898876929,4.81488507180092
All ages,Days 0 to +6,0.0551749129587641,0.0115506469465698,1.78123421123392e-06,8154870,1.05672543348359,1.03307071623499,1.08092178417444,5.67254334835927
All ages,Days +7 to +13,0.0456569839186225,0.0120830155991079,0.000157707216904341,8154870,1.04671530918794,1.02221748589491,1.07180023195283,4.6715309187942
<65,Days -14 to -8,0.0528305436354553,0.0146363604638493,0.000306739254311623,8056320,1.05425098044339,1.02443708577787,1.08493254021735,5.42509804433866
<65,Days -7 to -1,0.0329134943423736,0.0166581299996651,0.048174977482502,8056320,1.03346113513925,1.0002635942779,1.06776046229529,3.34611351392544
<65,Days 0 to +6,0.0368730377887689,0.0175840989588104,0.0359976921887602,8056320,1.03756128140079,1.00241110588145,1.07394401991928,3.75612814007946
<65,Days +7 to +13,0.0426584835638235,0.0194811792505323,0.0285439695792415,8056320,1.0435814337733,1.00448540166733,1.08419914028478,4.35814337732965
65-74,Days -14 to -8,0.0214248999484214,0.0161654677657593,0.185055148958442,8010036,1.02165606103335,0.989793031428578,1.05454481280767,2.16560610333516
65-74,Days -7 to -1,0.0459983437192375,0.0168101804847959,0.00621270858111591,8010036,1.04707267670917,1.01313591796112,1.08214620652012,4.70726767091696
65-74,Days 0 to +6,0.0765122241802991,0.0173823642670672,1.07398268249047e-05,8010036,1.07951538644723,1.04335636447485,1.11692755155892,7.95153864472291
65-74,Days +7 to +13,0.0466718029965449,0.017783680749319,0.00867973170183472,8010036,1.04777807501917,1.01188587091294,1.08494339732246,4.77780750191714
75+,Days -14 to -8,0.0335375963258821,0.0119747911321203,0.0050994553552141,8080950,1.03410632159371,1.01011784847714,1.0586644775877,3.4106321593705
75+,Days -7 to -1,0.0538103427898117,0.0125692977702194,1.85976939274957e-05,8080950,1.05528444087165,1.0296042644683,1.08160512691824,5.5284440871654
75+,Days 0 to +6,0.0560549331804691,0.0120519527588222,3.30156454125436e-06,8080950,1.0576557825368,1.03296479145169,1.08293696318675,5.76557825367969
75+,Days +7 to +13,0.04651349010006,0.0125038667150391,0.000199279188384689,8080950,1.04761221136677,1.02224982731742,1.07360384524083,4.76122113667659
