group,event_period,zip_days,deaths,nonzero_zip_days
All ages,None,8141952,3152270,2238059
All ages,Days -14 to -8,91821,36244,25822
All ages,Days -7 to -1,95120,37832,26812
All ages,Days 0 to +6,95122,38111,26959
All ages,Days +7 to +13,92517,37024,26201
<65,None,8141952,783385,708259
<65,Days -14 to -8,91821,9297,8405
<65,Days -7 to -1,95120,9499,8617
<65,Days 0 to +6,95122,9565,8627
<65,Days +7 to +13,92517,9339,8487
65-74,None,8141952,594907,554720
65-74,Days -14 to -8,91821,6768,6336
65-74,Days -7 to -1,95120,7210,6699
65-74,Days 0 to +6,95122,7327,6814
65-74,Days +7 to +13,92517,7002,6542
75+,None,8141952,1773978,1417682
75+,Days -14 to -8,91821,20179,16163
75+,Days -7 to -1,95120,21123,16823
75+,Days 0 to +6,95122,21219,16899
75+,Days +7 to +13,92517,20683,16428
