cause,group,period,log_rate_ratio,standard_error,p_value,observations,rate_ratio,ci_lower,ci_upper,percent_change
Digestive diseases,All ages,Days -14 to -8,0.0720173533085324,0.0411686039860268,0.0802344996381424,7722294,1.07467399305138,0.99136439241818,1.16498454067313,7.46739930513753
Digestive diseases,All ages,Days -7 to -1,0.0804446177322116,0.0373901376511896,0.0314373113118013,7722294,1.08376882340496,1.00718564164838,1.16617514588697,8.37688234049561
Digestive diseases,All ages,Days 0 to +6,0.0301688281465842,0.0308420380724683,0.327989100737053,7722294,1.03062851836894,0.970172327084703,1.09485203115119,3.06285183689434
Digestive diseases,All ages,Days +7 to +13,0.0281200370529022,0.0302845649087139,0.353134254340673,7722294,1.02851913741792,0.96924514626299,1.09141801752997,2.8519137417919
Digestive diseases,<65,Days -14 to -8,0.113847683070245,0.0525890134848277,0.0303986539480405,7472928,1.12058142836179,1.01083145669471,1.24224738879351,12.0581428361789
Digestive diseases,<65,Days -7 to -1,0.10018738940849,0.060938095004114,0.10015870867115,7472928,1.1053780348054,0.980932845606107,1.24561085430397,10.5378034805401
Digestive diseases,<65,Days 0 to +6,0.0673359008906829,0.0460600923958913,0.143764736528685,7472928,1.06965471580887,0.977319283718822,1.17071383949211,6.96547158088652
Digestive diseases,<65,Days +7 to +13,-0.0171958804433915,0.0590880745984584,0.771035130655885,7472928,0.982951124874007,0.875457644859744,1.10364324255329,-1.70488751259928
Digestive diseases,65-74,Days -14 to -8,0.115796697297683,0.0714921236699477,0.105294016904638,7307866,1.12276758724401,0.975965672217964,1.29165101893482,12.2767587244013
Digestive diseases,65-74,Days -7 to -1,0.0655133410357569,0.063843862500389,0.304821169212786,7307866,1.0677069815355,0.942121879078083,1.2100326122722,6.77069815355
Digestive diseases,65-74,Days 0 to +6,0.00585259277475981,0.0604251304789967,0.922840010946899,7307866,1.00586975265612,0.893525269804833,1.13233950230582,0.586975265611911
Digestive diseases,65-74,Days +7 to +13,0.0347884915025422,0.0806628055771458,0.666262657290098,7307866,1.03540068959411,0.883989046349458,1.21274646155304,3.54006895941055
Digestive diseases,75+,Days -14 to -8,0.00658090825221942,0.0642779021427218,0.918453370795809,7438592,1.00660261000857,0.887449394138328,1.14175390863823,0.660261000856832
Digestive diseases,75+,Days -7 to -1,0.0700354230347627,0.0552319471910565,0.204789454792662,7438592,1.0725461734217,0.962501943636434,1.19517191806945,7.25461734216992
Digestive diseases,75+,Days 0 to +6,0.00159981289774806,0.0516846889129034,0.975306764240612,7438592,1.0016010932811,0.905106939226888,1.10838256407448,0.160109328110214
Digestive diseases,75+,Days +7 to +13,0.0623902319231791,0.0454380609876544,0.169726525978225,7438592,1.06437761782115,0.973684093167715,1.16351876472884,6.43776178211462
