zip,observed_deaths,expected_deaths,target_days,rate_ratio_raw,status
31537,,,,,counterfactual_not_estimable
31548,,,,,counterfactual_not_estimable
31558,,,,,counterfactual_not_estimable
31562,0,0.0120312697990991,91,0,estimated
31601,,,,,counterfactual_not_estimable
31626,,,,,counterfactual_not_estimable
31631,,,,,counterfactual_not_estimable
31636,,,,,counterfactual_not_estimable
31643,,,,,counterfactual_not_estimable
31792,0,0.0124586160364752,91,0,estimated
32003,9,4.87739469227698,84,1.84524742569038,estimated
32008,4,2.30068355937043,112,1.73861371926115,estimated
32009,0,0.555550658127717,98,0,estimated
32011,3,2.77073097910747,91,1.08274676344305,estimated
32013,0,0.0330169481762701,21,0,estimated
32024,8,5.12018393922704,105,1.56244386821925,estimated
32025,16,7.8064917906049,105,2.04957622824326,estimated
32026,0,0.0647150440536077,14,0,estimated
32033,0,1.38414714968634,105,0,estimated
32034,15,13.0260286722813,112,1.15154053298833,estimated
32038,4,2.56482582772391,105,1.55956009049928,estimated
32040,1,1.53083734347708,105,0.65323726538356,estimated
32043,6,7.46531948124998,91,0.803716440410849,estimated
32044,0,0.454532524759487,91,0,estimated
32046,2,2.41136874177279,105,0.829404464507423,estimated
32052,6,3.2097857813428,126,1.86928362474393,estimated
32053,0,1.1283895266382,119,0,estimated
32054,2,2.56965824560292,98,0.778313615603286,estimated
32055,4,4.75187381984588,105,0.841773193407256,estimated
32058,1,0.968349207443929,98,1.03268530847422,estimated
32059,1,0.853729495293753,119,1.17133120679627,estimated
32060,6,9.61138543656169,119,0.624259638696417,estimated
32061,0,0.111591897220437,98,0,estimated
32062,0,1.00879488259692,105,0,estimated
32063,4,4.55853306921833,105,0.877475262164961,estimated
32064,15,8.99262706403265,112,1.66803314461852,estimated
32065,1,4.31335055972717,91,0.231838332209022,estimated
32066,4,1.94372026061452,126,2.0579092995282,estimated
32068,8,9.58870389335702,91,0.834315053314175,estimated
32071,1,1.60947117279195,105,0.621322094427637,estimated
32072,0,0.0240625272662068,91,0,estimated
32073,17,17.5061912689399,91,0.971085014372144,estimated
32079,3,1.40346790094356,84,2.13756224704753,estimated
32080,3,7.12208855192054,84,0.421224754245862,estimated
32081,2,0.997637576350439,98,2.00473603582215,estimated
32082,13,10.1190107063981,98,1.28471056876937,estimated
32083,0,0.177372257807375,98,0,estimated
32084,11,13.0020264756394,98,0.846021965930436,estimated
32086,15,11.6945307523582,91,1.28265086625859,estimated
32087,0,0.554425333467507,112,0,estimated
32091,9,6.05650162083774,98,1.48600637190205,estimated
32092,5,5.01919228156917,98,0.996176221094449,estimated
32094,3,1.24904200885112,105,2.40184075374649,estimated
32095,2,1.54307227404163,105,1.29611556998661,estimated
32096,1,0.919460370677765,119,1.08759445419368,estimated
32097,0,2.54949660154448,105,0,estimated
32102,0,1.44752352186203,84,0,estimated
32110,2,3.80271308776803,112,0.525940283644665,estimated
32112,1,3.93444520872459,77,0.254165440602022,estimated
32113,1,2.35253482048766,84,0.425073410727545,estimated
32114,18,24.0931162348995,98,0.747101363912675,estimated
32117,22,20.6644255489844,98,1.064631578935,estimated
32118,18,16.9263866196689,98,1.06342838577748,estimated
32119,24,16.1147360780973,98,1.48932007844796,estimated
32124,3,0.873604703803593,105,3.4340474438133,estimated
32127,28,27.1867521334162,119,1.02991338805727,estimated
32128,9,6.4250808235462,105,1.4007605891925,estimated
32129,10,12.6219215131892,98,0.792272396049253,estimated
32130,1,1.79788424492773,98,0.556209334845246,estimated
32131,3,1.32916462945418,91,2.25705675092479,estimated
32132,7,4.58885856792624,98,1.52543380807733,estimated
32133,0,0.068769770372699,84,0,estimated
32134,7,5.69265897294143,105,1.2296538459923,estimated
32136,9,4.79578353895561,91,1.87664850318911,estimated
32137,20,20.5245960067699,105,0.974440617169913,estimated
32139,0,0.461250255663203,70,0,estimated
32140,0,0.415030262870707,77,0,estimated
32141,8,10.4486069067499,98,0.765652308618476,estimated
32145,1,1.22489745946948,98,0.816394868214612,estimated
32147,0,0.0800957394349131,77,0,estimated
32148,2,3.10854488200635,84,0.643387847341981,estimated
32157,0,0.082073164125881,63,0,estimated
32159,36,25.9559452236602,84,1.38696547899878,estimated
32162,29,22.4036665310454,91,1.29443097895668,estimated
32163,6,3.2646252352471,91,1.83788323854755,estimated
32164,19,11.6408697430606,91,1.63218044865817,estimated
32168,19,22.6150210169389,126,0.840149561911475,estimated
32169,14,10.2886871115982,112,1.36071782999583,estimated
32174,42,37.842952772561,98,1.10984997001749,estimated
32176,12,14.4432964647593,98,0.830835261830929,estimated
32177,11,11.8568591104951,91,0.927733044433609,estimated
32179,4,4.56074097737382,91,0.877050466107218,estimated
32180,0,1.38789435170398,105,0,estimated
32181,1,0.669524811388824,70,1.49359662702515,estimated
32182,0,0.00854569376450739,63,0,estimated
32187,0,0.516085101599421,84,0,estimated
32189,1,1.76531626088131,77,0.56647073510826,estimated
32190,0,0.376311431878799,77,0,estimated
32192,,,,,counterfactual_not_estimable
32193,0,0.477073686884346,63,0,estimated
32195,1,1.28195519608298,84,0.780058463084749,estimated
32202,5,4.57042290316272,77,1.09399066693369,estimated
32203,,,,,counterfactual_not_estimable
32204,9,8.10094546089946,84,1.11098143339441,estimated
32205,16,13.5299030294563,84,1.18256575565738,estimated
32206,3,9.1573465689159,84,0.327605816534599,estimated
32207,15,18.5620563893597,91,0.808100120232282,estimated
32208,11,15.7948299142895,84,0.696430418034979,estimated
32209,20,22.4920184733485,77,0.889204320354736,estimated
32210,23,21.1000350993767,91,1.09004558009856,estimated
32211,7,9.77555008418949,77,0.716072235292566,estimated
32212,0,0.0100487624346383,77,0,estimated
32214,,,,,counterfactual_not_estimable
32216,10,12.7221767294248,84,0.786029011597617,estimated
32217,10,10.9823570882294,84,0.910551343364875,estimated
32218,15,12.64479684567,91,1.18625867881274,estimated
32219,3,3.38945693335639,91,0.88509754187355,estimated
32220,6,3.88818512391525,98,1.54313640137542,estimated
32221,7,6.19246816744984,91,1.13040548787879,estimated
32222,2,1.49955023030246,91,1.3337332485332,estimated
32223,8,8.35213555710718,91,0.957838859929957,estimated
32224,9,6.70257499468832,91,1.34276751951785,estimated
32225,12,11.1059331982931,98,1.08050352777598,estimated
32226,6,3.82989153351849,98,1.56662400161705,estimated
32227,0,0.0213564131720381,91,0,estimated
32228,,,,,counterfactual_not_estimable
32233,4,6.9425401395614,91,0.576157993989316,estimated
32234,4,2.45931252316049,105,1.62647079715577,estimated
32244,14,11.4433014860683,91,1.22342315432696,estimated
32246,13,6.17700902972248,84,2.10457843552546,estimated
32250,4,9.94666940022864,91,0.402144661599797,estimated
32254,6,5.79131560436799,84,1.03603402229963,estimated
32256,12,10.4524007453044,91,1.14806160731934,estimated
32257,10,13.5288629366728,91,0.739160419231753,estimated
32258,8,4.14265983738714,91,1.93112645354096,estimated
32259,8,7.64864154328917,91,1.04593736740338,estimated
32266,0,2.11911005405216,91,0,estimated
32277,5,6.45351676467571,84,0.774771366112853,estimated
32301,9,8.26550047242176,112,1.08886328541495,estimated
32303,16,14.1920477056621,112,1.12739192622757,estimated
32304,10,6.35473076989003,112,1.57363078973888,estimated
32305,8,6.57982872653671,126,1.2158371186374,estimated
32306,,,,,counterfactual_not_estimable
32307,,,,,counterfactual_not_estimable
32308,17,16.3671378953926,105,1.03866663241015,estimated
32309,18,9.89331790453429,119,1.8194098454827,estimated
32310,3,4.57398920066342,112,0.655882615456302,estimated
32311,4,3.37983338837017,119,1.18349029090126,estimated
32312,6,8.15015127930934,112,0.736182654085465,estimated
32313,0,0.0131906850527251,98,0,estimated
32317,5,3.57540630446503,119,1.39844246337987,estimated
32320,2,2.54369438506566,112,0.786257976485793,estimated
32321,1,1.10940338898804,105,0.901385384185788,estimated
32322,0,0.922359992029859,98,0,estimated
32323,,,,,counterfactual_not_estimable
32324,1,2.45154617865536,105,0.407905838652603,estimated
32327,11,6.91976332429983,126,1.58964974443154,estimated
32328,0,1.11934386232859,126,0,estimated
32330,0,0.147755313195914,70,0,estimated
32331,8,2.10347743564314,133,3.80322596498593,estimated
32332,0,0.35689776811524,91,0,estimated
32333,7,4.26940214473768,105,1.63957382384978,estimated
32334,0,0.398621237448297,119,0,estimated
32336,0,0.221357879463991,126,0,estimated
32337,,,,,counterfactual_not_estimable
32340,6,4.67167564966434,119,1.28433573945381,estimated
32343,0,0.474743212342198,105,0,estimated
32344,8,5.43402256219309,133,1.47220588586797,estimated
32346,1,0.579290255259246,105,1.72625033982745,estimated
32347,3,5.91879111851933,126,0.506860259118334,estimated
32348,7,4.40210951442081,133,1.5901467187649,estimated
32350,0,0.758668002867507,119,0,estimated
32351,9,8.08365325973975,112,1.11335799678891,estimated
32352,1,1.66123618525433,91,0.601961363998883,estimated
32355,0,0.0732890991648855,91,0,estimated
32356,0,0.0557210223354571,105,0,estimated
32358,0,0.86580005103408,112,0,estimated
32359,2,0.635072003262831,119,3.14924920280619,estimated
32360,0,0.0607575122306461,77,0,estimated
32361,,,,,counterfactual_not_estimable
32399,0,0.0370828692166527,91,0,estimated
32401,11,19.3993566376207,105,0.567029113670087,estimated
32403,,,,,counterfactual_not_estimable
32404,10,14.3064319702305,119,0.698986303559717,estimated
32405,17,17.1279884480504,105,0.992527526017515,estimated
32407,4,2.32701875804506,98,1.71893758319354,estimated
32408,4,3.26869117855521,91,1.22373139017924,estimated
32409,3,3.02085488928869,105,0.993096361774067,estimated
32410,0,0.291563074363125,105,0,estimated
32413,7,3.65579611396099,105,1.91476761334363,estimated
32420,2,0.918234612217687,105,2.17809258482391,estimated
32421,1,1.17877627049642,98,0.848337402973735,estimated
32423,2,0.602757678878367,112,3.31808298771352,estimated
32424,4,3.49748729312223,91,1.14367820802836,estimated
32425,3,6.83807649816897,98,0.438719865272538,estimated
32426,1,0.468873016728044,98,2.13277361742491,estimated
32427,1,0.520248426191596,91,1.92215862587102,estimated
32428,11,8.3178498369374,105,1.32245715126425,estimated
32430,0,0.297486255897454,84,0,estimated
32431,0,2.05382260486619,105,0,estimated
32432,,,,,counterfactual_not_estimable
32433,3,5.04168438399102,91,0.595039231239062,estimated
32435,7,4.75048905205105,91,1.47353249808621,estimated
32437,0,0.2057741257392,77,0,estimated
32438,1,0.975137493163606,98,1.02549641154268,estimated
32439,0,1.57860211303819,84,0,estimated
32440,2,3.55319224049317,91,0.562874132507508,estimated
32442,4,1.16401978090846,77,3.43636771952294,estimated
32443,2,1.22079226318588,105,1.63828036948779,estimated
32444,8,7.64508197682203,105,1.0464243580715,estimated
32445,0,0.487395891429451,98,0,estimated
32446,7,7.74164387765556,105,0.904200724112853,estimated
32448,3,3.79267306660237,105,0.790998841006753,estimated
32449,1,0.138400498516748,98,7.22540750009644,estimated
32455,1,1.56306517801313,91,0.639768586791204,estimated
32456,4,5.99552769498642,133,0.667163960120622,estimated
32459,4,1.6640489993184,84,2.40377537058008,estimated
32460,0,1.35268425585497,91,0,estimated
32461,0,0.0526286758044082,77,0,estimated
32462,6,1.49382632003721,112,4.01653118539948,estimated
32463,0,0.0890099960098512,98,0,estimated
32464,0,1.11199679719871,77,0,estimated
32465,4,2.92231694834482,112,1.36877692279942,estimated
32466,1,1.45224819683315,98,0.688587530823348,estimated
32501,8,9.20408009309668,105,0.869179746273636,estimated
32502,2,3.63037109121656,112,0.550907868575437,estimated
32503,32,25.2300688116661,112,1.26832789236007,estimated
32504,10,13.634651065137,105,0.733425443176129,estimated
32505,17,15.9949316965927,112,1.06283667367091,estimated
32506,10,14.3470491820655,112,0.697007438470378,estimated
32507,11,13.6397020615792,112,0.806469228604719,estimated
32508,0,0.0392143093275515,98,0,estimated
32509,0,0.0219098567867236,14,0,estimated
32511,,,,,counterfactual_not_estimable
32512,,,,,counterfactual_not_estimable
32514,27,24.6510703192817,119,1.09528712750785,estimated
32526,20,16.6395950084398,119,1.20195233056187,estimated
32530,0,0.0483892092232657,91,0,estimated
32531,3,1.69554024007618,98,1.76934756786734,estimated
32533,8,10.4798025297032,126,0.763373162550092,estimated
32534,8,6.61100200688134,119,1.21010400415442,estimated
32535,3,4.67163427113558,133,0.642173557663957,estimated
32536,6,4.65530207228078,91,1.28885299102845,estimated
32539,10,7.31018256443029,91,1.36795489194179,estimated
32541,6,4.06039730941602,98,1.47768790657162,estimated
32542,0,0.013219706321821,98,0,estimated
32544,,,,,counterfactual_not_estimable
32547,17,10.7608354297161,98,1.57980299123007,estimated
32548,4,8.39450921114218,98,0.476501948999083,estimated
32550,5,1.70963938286137,84,2.9245933675391,estimated
32561,5,5.02155717924521,119,0.995707072831051,estimated
32563,9,6.86258462301183,98,1.3114592379409,estimated
32564,2,0.753522874071029,98,2.65419945275805,estimated
32565,6,4.01410500159145,126,1.49472921052668,estimated
32566,6,4.66877273837604,105,1.28513430321456,estimated
32567,3,1.44547381152731,98,2.07544403508089,estimated
32568,3,1.83572678188952,126,1.63423012051504,estimated
32569,0,2.00329634122587,91,0,estimated
32570,16,15.1625874568229,133,1.05522886813097,estimated
32571,5,7.84393318387745,119,0.637435312462514,estimated
32577,0,2.36506357102773,126,0,estimated
32578,14,10.2182183945569,98,1.37010185723351,estimated
32579,7,3.51249940092644,84,1.99288290217322,estimated
32580,1,1.47223572250052,84,0.6792390543965,estimated
32583,8,7.04494425328734,119,1.13556611839292,estimated
32601,2,4.47229577339155,84,0.447197614231875,estimated
32603,0,0.577726395270957,84,0,estimated
32605,7,9.03511526599543,98,0.77475491943586,estimated
32606,8,8.36599383801244,84,0.956252198471689,estimated
32607,4,5.33615607694538,84,0.749603261659046,estimated
32608,11,7.98990019383877,98,1.37673809849119,estimated
32609,5,5.04340609395114,91,0.991393496152691,estimated
32610,,,,,counterfactual_not_estimable
32612,,,,,counterfactual_not_estimable
32615,6,3.87431566869726,98,1.54866059275379,estimated
32616,0,0.0190922511640448,70,0,estimated
32617,3,1.30327912477213,84,2.30188602194065,estimated
32618,0,1.883712853994,91,0,estimated
32619,4,1.6776844013541,105,2.38423865464297,estimated
32621,0,1.65856946199722,98,0,estimated
32622,0,0.412511419546944,91,0,estimated
32625,0,0.549521470265617,105,0,estimated
32626,6,4.09599125085132,105,1.46484687894608,estimated
32628,2,1.51795557798363,112,1.31756161313804,estimated
32631,0,0.128307830617353,91,0,estimated
32634,,,,,counterfactual_not_estimable
32639,0,0.0112043765229776,84,0,estimated
32640,4,3.66115564562444,98,1.09255120163507,estimated
32641,3,4.61549540924723,91,0.649984396905572,estimated
32643,4,3.39840148866821,98,1.17702396651419,estimated
32648,0,0.190430303356322,105,0,estimated
32653,7,4.59224034166123,91,1.52431046269407,estimated
32656,5,5.68240196633712,98,0.879909592742699,estimated
32658,1,0.0320769630508361,91,31.1750211020658,estimated
32664,0,0.254409730868182,77,0,estimated
32666,4,2.44299155962733,91,1.6373368070949,estimated
32667,1,1.02159444860478,98,0.97886201453593,estimated
32668,1,1.69920164414681,98,0.588511671610411,estimated
32669,3,3.13106793408751,98,0.95813954316973,estimated
32680,3,2.9930629965153,112,1.00231769377817,estimated
32681,,,,,counterfactual_not_estimable
32683,1,0.0560218538386824,84,17.8501768770371,estimated
32686,1,1.67061089294923,98,0.598583430899724,estimated
32692,0,0.0799307258925757,84,0,estimated
32693,7,4.33700462995111,98,1.61401718403951,estimated
32694,0,0.67345994089054,91,0,estimated
32696,7,5.09895646443677,98,1.37282992094996,estimated
32697,0,0.010505281684593,77,0,estimated
32701,9,10.8467452833097,84,0.82974198848835,estimated
32702,1,3.90949903156726,84,0.255787248423774,estimated
32703,12,16.5072054294425,91,0.726955271217295,estimated
32707,13,12.0910154954265,91,1.07517850795224,estimated
32708,11,14.7652418225905,105,0.744992878015059,estimated
32709,2,1.121072269244,105,1.7840063079508,estimated
32712,6,10.445518899285,91,0.574408993737085,estimated
32713,15,11.1200888984687,84,1.34891007949276,estimated
32714,12,8.44442124317597,84,1.42105653595826,estimated
32720,24,23.6065603214981,91,1.01666653985772,estimated
32723,,,,,counterfactual_not_estimable
32724,36,27.4962768969507,112,1.30926816510174,estimated
32725,32,25.4560458482706,105,1.25706876043256,estimated
32726,10,12.8280761438274,70,0.779540118711548,estimated
32730,2,2.25420378928685,84,0.887231229716248,estimated
32732,4,2.1664456756026,112,1.8463421654399,estimated
32735,2,1.84880383263881,70,1.08178053544241,estimated
32736,3,3.0188275484533,91,0.993763291161515,estimated
32738,15,12.0091233639786,105,1.24905037156938,estimated
32744,0,2.00275414839533,98,0,estimated
32746,14,10.2859244900942,91,1.36108329528207,estimated
32750,18,12.3683670803302,91,1.45532549956622,estimated
32751,14,9.95855676390188,84,1.40582619870659,estimated
32754,3,5.86046608664519,105,0.511904677144432,estimated
32757,8,14.2783757980126,77,0.56028781656759,estimated
32759,0,1.8701440105262,98,0,estimated
32763,21,17.7367955210341,84,1.1839793707435,estimated
32764,2,1.7020940984529,112,1.17502316811854,estimated
32765,19,16.5824884360629,112,1.1457870194367,estimated
32766,0,2.75012114412067,105,0,estimated
32767,0,0.873416576448115,77,0,estimated
32768,,,,,counterfactual_not_estimable
32771,24,20.0775450464737,105,1.19536526723994,estimated
32773,16,9.37175941780585,112,1.70725680063883,estimated
32775,0,0.00941973715140898,77,0,estimated
32776,2,2.47243642094545,98,0.80891867756713,estimated
32778,13,12.9599217316443,77,1.00309247765423,estimated
32779,10,10.4291561285279,91,0.958850349612274,estimated
32780,27,25.0879388581339,105,1.07621435753165,estimated
32784,4,4.01575972925966,77,0.996075529831918,estimated
32789,17,14.2091184954141,84,1.19641482372651,estimated
32792,24,29.9872368454603,105,0.800340495647678,estimated
32796,22,16.8595900554731,105,1.30489531047988,estimated
32798,4,3.19295155977344,84,1.25275937486625,estimated
32801,20,13.9044861783909,77,1.43838468702873,estimated
32803,9,10.2295705218595,91,0.879802331952059,estimated
32804,6,8.44846214016193,77,0.710188422515082,estimated
32805,14,10.9430005552586,77,1.27935660144624,estimated
32806,15,12.2761063848787,84,1.22188579421864,estimated
32807,22,11.5145576326389,105,1.91062485437037,estimated
32808,12,10.043168297713,77,1.19484207017945,estimated
32809,13,6.14694953547454,91,2.11487013598793,estimated
32810,13,7.99286569023647,84,1.62645045016581,estimated
32811,5,5.77095366956851,77,0.866407926018551,estimated
32812,9,10.161337122277,91,0.885710206412605,estimated
32814,0,0.319574863847331,91,0,estimated
32816,,,,,counterfactual_not_estimable
32817,6,8.28084347763952,105,0.724563870359535,estimated
32818,7,8.74579960892575,84,0.800384220198228,estimated
32819,5,5.28726275175078,70,0.945668909369851,estimated
32820,4,1.19384968649822,105,3.35050554959956,estimated
32821,8,3.66940534442241,70,2.18018977166428,estimated
32822,23,15.6230880979076,105,1.47218013851438,estimated
32824,6,4.89384504403526,98,1.22602982849098,estimated
32825,11,11.343115846446,105,0.969751182030507,estimated
32826,5,4.98470176945858,105,1.00306903627317,estimated
32827,1,1.05491248817834,105,0.947945930308245,estimated
32828,10,6.22702608238259,98,1.60590302139441,estimated
32829,3,2.12243143367456,105,1.41347322339931,estimated
32830,0,0.0147348072151183,56,0,estimated
32831,1,0.206047904517526,98,4.85324032943485,estimated
32832,4,1.4374508461618,98,2.7827038473563,estimated
32833,4,2.09732236155299,105,1.90719370246839,estimated
32835,8,4.6265391021179,77,1.72915430377273,estimated
32836,4,2.40696723336928,70,1.66184231531926,estimated
32837,10,8.12525161242064,77,1.23073111787868,estimated
32839,10,5.85625541747916,77,1.70757579496158,estimated
32899,,,,,counterfactual_not_estimable
32901,33,30.6579541958538,119,1.07639276219099,estimated
32903,8,8.60533483399995,119,0.92965586514911,estimated
32904,27,25.4753387054866,126,1.0598485190772,estimated
32905,12,17.6833639207864,112,0.678603915734283,estimated
32907,21,19.2174989490198,119,1.09275406002149,estimated
32908,1,2.56812468108188,119,0.389389194133179,estimated
32909,7,8.04604034125708,112,0.869993152297115,estimated
32920,5,5.51122527717537,119,0.907239270495329,estimated
32922,11,9.52028874209749,119,1.15542714070839,estimated
32925,0,0.0316089831509332,21,0,estimated
32926,17,10.9487011389534,112,1.55269559231252,estimated
32927,10,7.86226374366929,105,1.27189831402591,estimated
32931,14,13.4746404209091,119,1.0389887642772,estimated
32934,8,8.65912794386989,119,0.923880563014834,estimated
32935,19,25.2157489929477,119,0.753497348237162,estimated
32937,10,17.862014214698,119,0.5598472758896,estimated
32940,28,20.1902626789712,119,1.38680711812446,estimated
32948,0,1.61384299310362,126,0,estimated
32949,1,1.04196226736442,112,0.959727651683047,estimated
32950,2,2.20911958357714,112,0.905338042751619,estimated
32951,12,7.35452542391148,112,1.63164844885638,estimated
32952,24,16.402750430715,119,1.46316924721715,estimated
32953,17,17.9663448132867,119,0.946213610874706,estimated
32955,18,20.6143846502376,119,0.873176682467335,estimated
32958,20,19.4230455242737,112,1.02970463488876,estimated
32959,0,0.010292113800846,84,0,estimated
32960,28,24.9365449170918,105,1.12285002164869,estimated
32962,17,14.3900794724058,119,1.18136943111391,estimated
32963,24,14.1719091931755,133,1.69349095262036,estimated
32966,29,30.1362174158137,126,0.962297278383135,estimated
32967,10,10.890530610491,112,0.918228905244238,estimated
32968,6,5.63521965356813,126,1.06473223207917,estimated
32970,0,0.167064621476703,105,0,estimated
32976,11,12.7667729721804,112,0.861611624485665,estimated
33001,0,0.0863279491740802,63,0,estimated
33004,7,6.98653254666148,63,1.00192763051608,estimated
33009,26,29.8649079620503,63,0.870586978973399,estimated
33010,22,24.8854853399938,70,0.884049464956325,estimated
33012,41,39.2101869411715,77,1.04564663416458,estimated
33013,8,16.8604294017891,70,0.474483763690568,estimated
33014,9,11.934743914315,70,0.754100805565256,estimated
33015,11,7.3543365125743,63,1.49571616435996,estimated
33016,14,11.6489456091666,77,1.20182551019754,estimated
33018,9,8.47750986987919,70,1.0616325003616,estimated
33019,22,11.250930361644,63,1.95539384680587,estimated
33020,25,16.9774595199561,63,1.47254069259384,estimated
33021,22,28.9343640114021,63,0.760341578316031,estimated
33022,0,0.0175517636149812,63,0,estimated
33023,15,14.7752310525568,63,1.01521255042602,estimated
33024,22,16.6257527739169,63,1.32324835447538,estimated
33025,4,8.70019834686155,63,0.459759633117207,estimated
33026,7,8.06018646241249,63,0.868466261003202,estimated
33027,16,19.250413807909,63,0.831150964319866,estimated
33028,5,2.14458745351526,70,2.33145073743873,estimated
33029,2,4.27828674289233,70,0.467476847671015,estimated
33030,11,9.02105728640117,84,1.21936926579349,estimated
33031,2,2.49869204592032,91,0.800418764395339,estimated
33032,5,6.21369212554259,84,0.804674563685982,estimated
33033,9,8.7656059572646,84,1.02674019843901,estimated
33034,4,4.52889611076953,119,0.88321743360113,estimated
33035,1,2.58074568181073,84,0.387484906803514,estimated
33036,0,0.810525822627524,63,0,estimated
33037,5,3.30255875982681,70,1.51397760452329,estimated
33039,,,,,counterfactual_not_estimable
33040,8,10.0679703892461,91,0.794599079129699,estimated
33042,2,1.24389715729217,98,1.60784996434414,estimated
33043,0,0.83674352442612,91,0,estimated
33050,1,2.06153832475035,84,0.48507465905156,estimated
33051,1,0.176232357195666,56,5.67432687114163,estimated
33054,9,7.42574948924463,70,1.2119988713645,estimated
33055,9,8.84869627120838,70,1.01709898544986,estimated
33056,4,5.21981615823888,70,0.76631051338589,estimated
33060,16,18.6100818374632,70,0.859749040318082,estimated
33062,22,21.2157573463018,70,1.0369651029137,estimated
33063,21,25.2104031023189,56,0.832989457358911,estimated
33064,14,20.734591167199,70,0.675200195031926,estimated
33065,16,14.6071199077508,70,1.09535624414982,estimated
33066,16,15.4015097601802,56,1.03885919297127,estimated
33067,1,3.31144621754908,70,0.301982860147472,estimated
33068,5,7.58976019061353,56,0.65878234284446,estimated
33069,18,14.7729625310261,63,1.21844213455469,estimated
33070,0,1.54521987127904,63,0,estimated
33071,9,5.53148270135186,63,1.62705019357657,estimated
33073,3,4.53577794740187,63,0.661408039544445,estimated
33076,1,4.3233833002805,70,0.231300333684298,estimated
33101,,,,,counterfactual_not_estimable
33109,0,0.0574050556549279,63,0,estimated
33122,0,0.05587528413555,77,0,estimated
33125,27,25.8935302977058,77,1.04273151206393,estimated
33126,20,23.6318117808798,84,0.846316828580267,estimated
33127,8,8.13283634360503,70,0.983666664618245,estimated
33128,3,5.23321254516495,70,0.573261638832489,estimated
33129,5,7.09185713422972,77,0.705033943206059,estimated
33130,6,11.0506903588031,70,0.542952503887717,estimated
33131,1,1.03847073949384,70,0.962954430942763,estimated
33132,6,2.11157314021853,70,2.84148338777366,estimated
33133,17,14.0331721676086,84,1.21141533766966,estimated
33134,24,25.194024943893,84,0.952606820603213,estimated
33135,18,21.6485082497143,77,0.831466066500796,estimated
33136,4,4.6027639278045,70,0.869043049511337,estimated
33137,12,10.7599032263878,70,1.11525166607177,estimated
33138,5,8.01431597928367,63,0.623883561981407,estimated
33139,55,37.9784303099487,70,1.44819044787094,estimated
33140,23,15.4708796442326,70,1.48666401193123,estimated
33141,25,17.0296094173379,63,1.46803132046865,estimated
33142,30,20.0425952645597,77,1.49681214453537,estimated
33143,12,11.0438894978694,77,1.08657371140078,estimated
33144,26,18.3546507408445,77,1.4165347173914,estimated
33145,19,19.1212665679161,77,0.993658026392477,estimated
33146,2,5.00232603743117,77,0.399814003532456,estimated
33147,18,14.7314958916202,70,1.22187184060778,estimated
33149,1,3.1531208901988,77,0.31714610217084,estimated
33150,12,6.82434172424163,63,1.7584113581788,estimated
33154,10,10.8595054736476,63,0.920852245460596,estimated
33155,25,24.8499376016455,77,1.00603874346729,estimated
33156,11,9.0090968511344,70,1.22098809478499,estimated
33157,13,21.9863345241017,70,0.591276366951901,estimated
33158,2,1.91144001721065,70,1.04633155212403,estimated
33160,39,27.7070754370848,63,1.40758269809307,estimated
33161,25,22.2262220878287,63,1.12479754324466,estimated
33162,13,14.8848202772874,56,0.873372990592069,estimated
33165,33,33.4905533315879,77,0.985352486513707,estimated
33166,13,11.2316148425374,77,1.15744709752379,estimated
33167,4,4.41202703609472,70,0.90661275809873,estimated
33168,3,5.54350589855117,63,0.541173772500913,estimated
33169,6,8.47655544457472,63,0.707834690545227,estimated
33170,0,4.0456037791666,91,0,estimated
33172,8,9.63155244386608,77,0.830603378492203,estimated
33173,15,16.2310904344704,77,0.924152327322636,estimated
33174,8,14.7258122578011,77,0.543263750749092,estimated
33175,19,20.9165577402133,77,0.908371264334352,estimated
33176,11,17.5880193828821,77,0.625425737858009,estimated
33177,17,10.3639944141175,70,1.64029420711026,estimated
33178,2,3.49081449593149,98,0.572932191707975,estimated
33179,20,18.975382661331,63,1.05399718977774,estimated
33180,16,14.6561822628076,63,1.09168948045922,estimated
33181,6,6.71590599278863,63,0.89340142736403,estimated
33182,2,3.08879766769814,77,0.64750113641806,estimated
33183,9,9.99924890783419,77,0.90006760337256,estimated
33184,12,7.18871230874934,77,1.66928366091308,estimated
33185,1,5.27003044431203,84,0.189752224501721,estimated
33186,16,13.4005867704494,77,1.19397756785418,estimated
33187,3,4.5972026569544,91,0.652570753099553,estimated
33189,2,4.9400383172595,70,0.404855159323846,estimated
33190,1,0.815244985526476,70,1.22662514673943,estimated
33193,10,8.5334781619365,84,1.1718551111556,estimated
33194,0,0.666376600183566,98,0,estimated
33196,9,7.21195543254987,91,1.24792784483666,estimated
33301,3,3.33483301132784,49,0.899595269031322,estimated
33304,4,5.14723428801193,49,0.777116365057664,estimated
33305,2,3.9243745073235,49,0.509635356224969,estimated
33306,1,1.55844883006935,49,0.641663672688887,estimated
33308,26,25.249179408085,70,1.02973643538192,estimated
33309,9,10.5038018925616,63,0.85683261090191,estimated
33311,19,16.69770152182,56,1.1378811613785,estimated
33312,8,8.95423755361434,56,0.893431735767479,estimated
33313,21,19.4038685465653,56,1.08225841406853,estimated
33314,3,4.17335840758181,56,0.718845521283254,estimated
33315,3,3.35142980208146,49,0.895140336263884,estimated
33316,5,6.6350588474096,56,0.753572819019089,estimated
33317,14,11.7564248310358,63,1.19083821835371,estimated
33319,24,29.2740585517234,56,0.819838491393163,estimated
33321,36,29.9225013937827,56,1.20310797303464,estimated
33322,40,32.2303695266994,63,1.24106551018177,estimated
33323,2,2.75768395212166,63,0.725246269958264,estimated
33324,19,16.3512717949316,70,1.1619891246557,estimated
33325,1,4.4422170206568,70,0.225112819871224,estimated
33326,5,3.98993649400293,63,1.25315277762321,estimated
33327,0,1.39349686920631,77,0,estimated
33328,8,6.2213422433163,70,1.28589614380957,estimated
33330,1,2.30568048589135,70,0.4337114383884,estimated
33331,2,2.74031283398504,70,0.729843678866236,estimated
33332,0,0.937734834250701,70,0,estimated
33334,13,10.9144680815453,63,1.19107957464103,estimated
33351,15,10.6371285882552,56,1.41015499394846,estimated
33388,,,,,counterfactual_not_estimable
33401,23,20.0659082659048,84,1.14622272240129,estimated
33403,4,6.76050974221979,98,0.591671360965544,estimated
33404,19,17.3690261164788,98,1.09390128569004,estimated
33405,9,9.7567903574882,84,0.922434496411273,estimated
33406,9,8.00594479089639,84,1.12416463453932,estimated
33407,17,13.5519619425901,91,1.25443091354718,estimated
33408,21,20.4907216264876,105,1.02485409654163,estimated
33409,11,9.58559011922427,91,1.14755584822463,estimated
33410,23,22.8585365068819,105,1.00618865048843,estimated
33411,34,23.5806738432842,91,1.44185871133124,estimated
33412,6,3.02906554148506,105,1.98080890552747,estimated
33413,4,2.84275050770384,84,1.40708795554166,estimated
33414,15,10.6739386908037,91,1.4052919390406,estimated
33415,19,18.7357370039199,84,1.0141047558484,estimated
33417,32,29.2979821946255,91,1.09222538901912,estimated
33418,23,21.1963030532309,112,1.08509488386911,estimated
33426,20,16.6326695410477,70,1.20245279632605,estimated
33428,21,11.8699424850496,70,1.7691745369828,estimated
33430,5,4.70329904335773,84,1.06308358322682,estimated
33431,7,7.39019797665525,70,0.947200605736431,estimated
33432,6,10.4172261332666,70,0.57596906539635,estimated
33433,31,31.1627658992705,63,0.994776911016288,estimated
33434,19,14.7102365548326,63,1.29161757047055,estimated
33435,27,19.8310067818857,70,1.36150424922766,estimated
33436,29,21.5442917631321,70,1.34606420665109,estimated
33437,30,25.6518232622677,70,1.16950751193301,estimated
33438,0,0.180622893181245,98,0,estimated
33440,6,5.95214605100854,105,1.00803978070789,estimated
33441,8,10.1031389846885,63,0.791833113661426,estimated
33442,21,23.5130616999766,63,0.893120609640596,estimated
33444,4,6.3882997997018,70,0.626144690358257,estimated
33445,24,24.741429598668,70,0.970032871556142,estimated
33446,21,19.9932182516504,63,1.05035616255859,estimated
33449,1,2.07359260709946,84,0.482254805778266,estimated
33455,23,18.8013843393804,119,1.22331417648994,estimated
33458,22,20.2884507888695,112,1.08436076410869,estimated
33460,17,17.9016064674187,84,0.949635443664808,estimated
33461,21,19.454044872954,84,1.07946702791846,estimated
33462,22,19.7061642367495,84,1.11640194081874,estimated
33463,12,15.5266759653779,84,0.772863427224096,estimated
33467,31,29.677980842233,84,1.04454545492144,estimated
33469,13,12.8431318327929,105,1.01221416779407,estimated
33470,8,5.81583646169643,112,1.375554497223,estimated
33471,2,2.13697467064945,105,0.935902529622487,estimated
33472,11,9.21205493399423,77,1.19408753842836,estimated
33473,1,0.504312846717475,63,1.98289614573356,estimated
33476,3,2.8160429195462,91,1.06532467214081,estimated
33477,7,10.4756390237912,105,0.668216992214255,estimated
33478,3,3.78844895677629,112,0.791880802467718,estimated
33480,13,12.7503421754731,84,1.01958048035818,estimated
33483,8,8.94646676573953,70,0.894207759272742,estimated
33484,31,33.1748590554908,70,0.934442553264417,estimated
33486,7,8.94217350799017,63,0.782807445387325,estimated
33487,18,10.3070174498846,70,1.74638299464619,estimated
33493,0,0.794945936336822,84,0,estimated
33496,4,7.87604357580834,63,0.507869206346978,estimated
33498,9,4.27907295553493,70,2.10325930254557,estimated
33503,,,,,counterfactual_not_estimable
33510,10,8.32705635949124,98,1.2009045655854,estimated
33511,26,16.5047647196269,98,1.57530267420787,estimated
33513,8,5.70404015533113,98,1.40251467068005,estimated
33514,2,0.575198768027792,91,3.47705890757987,estimated
33521,0,0.292176327006985,91,0,estimated
33523,8,6.65466433382133,91,1.2021643164391,estimated
33525,11,8.02572848570436,98,1.37059209261732,estimated
33527,5,3.68117932689,98,1.35826037147291,estimated
33530,0,0.0204572767897501,77,0,estimated
33534,2,2.31177153614988,91,0.865137393001595,estimated
33538,7,3.20305078128222,98,2.18541649133574,estimated
33540,8,5.03471757972276,98,1.58896698242218,estimated
33541,15,13.534990618886,98,1.10823866985691,estimated
33542,19,18.9478078083946,98,1.00275452401318,estimated
33543,7,4.92810512897678,98,1.42042424355777,estimated
33544,3,3.07754378530501,98,0.974803352701178,estimated
33545,1,1.52964050945016,98,0.653748376708106,estimated
33547,6,3.3802451615641,98,1.77501918151514,estimated
33548,8,3.10736247778479,105,2.57453066940009,estimated
33549,3,5.82443577566157,105,0.51507135035054,estimated
33550,0,0.011254665518237,84,0,estimated
33556,4,4.45728295639221,98,0.897407689647251,estimated
33558,4,3.88895155060219,98,1.02855485545471,estimated
33559,2,2.99204044819458,105,0.668440161364401,estimated
33563,13,10.7323723257071,84,1.2112885767913,estimated
33565,3,6.87225717464971,91,0.436537795917528,estimated
33566,3,5.95862853030602,91,0.503471559729186,estimated
33567,2,2.94457096170197,91,0.679216098376517,estimated
33569,4,4.91678282799241,91,0.813540101309143,estimated
33570,4,6.63187172766291,84,0.603147974547694,estimated
33572,7,4.33028248947146,84,1.61652271347646,estimated
33573,52,42.2947685841656,91,1.22946647400426,estimated
33574,0,0.0208349912917607,77,0,estimated
33576,0,1.84319902989692,91,0,estimated
33578,7,6.52647640897185,98,1.07255424847276,estimated
33579,4,2.42817361130652,91,1.64732866767617,estimated
33584,6,6.91759521774857,98,0.867353438750755,estimated
33585,0,0.372447260238069,98,0,estimated
33592,4,3.87719152371512,98,1.0316745962983,estimated
33594,8,8.61964918578121,91,0.928112017968971,estimated
33596,5,5.26234341252878,91,0.950147036792737,estimated
33597,6,2.5782983594254,98,2.32711624628934,estimated
33598,2,2.80879420947069,98,0.71204931755285,estimated
33602,4,5.22249335199155,98,0.765917681537045,estimated
33603,6,10.2268739385379,98,0.586689543262115,estimated
33604,10,15.8941307265608,98,0.629163064783965,estimated
33605,10,11.1127890259185,98,0.899864109421759,estimated
33606,7,6.705061438353,91,1.04398745102617,estimated
33607,16,16.1201295066647,98,0.992547857223166,estimated
33609,12,8.23799157392692,84,1.45666572881426,estimated
33610,12,16.2281587347241,98,0.739455424127882,estimated
33611,19,13.7005985269544,84,1.38680072718134,estimated
33612,23,21.615197753162,98,1.06406613821682,estimated
33613,19,20.6598660092094,98,0.919657464938566,estimated
33614,18,17.4711855120175,98,1.03026780796407,estimated
33615,16,11.7792301871656,84,1.3583230606558,estimated
33616,2,2.26912050655363,84,0.881398759662011,estimated
33617,9,11.3965410519299,98,0.789713296252806,estimated
33618,18,11.6682984446299,98,1.54264137872512,estimated
33619,8,8.42383092778912,98,0.949686676831208,estimated
33620,0,0.0112546655331607,84,0,estimated
33621,0,0.00918020784559713,70,0,estimated
33624,13,8.32664760858832,98,1.56125257259494,estimated
33625,7,6.32183822393809,98,1.10727287729287,estimated
33626,6,4.24270518457397,91,1.41419206354836,estimated
33629,12,10.9350705799544,84,1.09738660690474,estimated
33634,10,5.10074640394128,98,1.96049738765157,estimated
33635,1,2.95492985920541,84,0.338417508248031,estimated
33637,5,3.05239832734496,98,1.63805619836947,estimated
33647,8,5.41768804701084,98,1.47664463708166,estimated
33701,15,12.8906543268495,70,1.16363371630849,estimated
33702,15,17.8986572460576,84,0.838051692581795,estimated
33703,11,14.168531498349,84,0.776368390844302,estimated
33704,8,9.0640373064396,70,0.882608900375592,estimated
33705,22,15.3566377133486,70,1.43260526234051,estimated
33706,11,9.44711087352884,70,1.16437714633184,estimated
33707,16,20.545694269562,63,0.778751975478563,estimated
33708,7,9.24882499098669,70,0.756852898267807,estimated
33709,13,16.3993069570236,70,0.792716426009225,estimated
33710,23,19.8794785996307,70,1.15697199424673,estimated
33711,7,6.48547767543189,63,1.07933453021004,estimated
33712,11,9.53374293759564,70,1.15379658041988,estimated
33713,15,13.888793204521,70,1.0800074404677,estimated
33714,7,7.60047359463259,70,0.920995239683927,estimated
33715,5,3.20545730270714,70,1.55983983807156,estimated
33716,5,5.53659635448983,84,0.90308190806529,estimated
33744,0,0.0358462594618451,70,0,estimated
33755,10,11.1205753606395,84,0.8992340482125,estimated
33756,21,25.0899769673175,84,0.836987615706259,estimated
33759,16,13.1379002522403,84,1.21785062245938,estimated
33760,1,3.30445404937347,84,0.302621850707714,estimated
33761,14,11.504243174783,84,1.21694228705871,estimated
33762,2,2.51698599139833,84,0.794601164581326,estimated
33763,18,20.64917414197,84,0.871705564408723,estimated
33764,18,15.2837809864224,84,1.17771904844688,estimated
33765,6,6.13910740810306,84,0.977340776296005,estimated
33767,3,6.01908829649491,84,0.49841435317488,estimated
33770,27,22.2500405369658,84,1.21348093524336,estimated
33771,22,23.0596374383122,84,0.954047957555841,estimated
33772,18,18.6509118381167,70,0.965100267280959,estimated
33773,3,7.35817370820467,84,0.407709863747152,estimated
33774,9,11.1567014316469,70,0.80669004679741,estimated
33776,2,5.91849921579196,70,0.337923505111486,estimated
33777,6,6.75823308096072,77,0.887806017952116,estimated
33778,11,9.44957040731166,77,1.16407408229782,estimated
33781,13,11.1616054120055,77,1.16470700406745,estimated
33782,15,16.1013407523469,77,0.931599438252596,estimated
33785,1,1.87330577141974,70,0.533815683086335,estimated
33786,1,1.0536067190683,77,0.949120750562694,estimated
33801,18,14.0516936082106,77,1.2809843782448,estimated
33803,15,15.725117708016,77,0.953887931303284,estimated
33805,14,12.6973418250887,77,1.10259298307126,estimated
33809,20,18.2980029698021,91,1.09301545272491,estimated
33810,8,15.0390447701125,91,0.53194867907426,estimated
33811,8,5.07679693102016,77,1.57579672945328,estimated
33812,3,2.17810705804661,84,1.37734276601192,estimated
33813,20,11.8520372615387,84,1.6874736012603,estimated
33815,4,7.74919123323104,77,0.516182899558177,estimated
33823,13,13.709066095684,91,0.948277578448089,estimated
33825,25,19.1804919430327,119,1.3034076536854,estimated
33827,2,1.33133880969975,112,1.5022472006589,estimated
33830,15,12.8804298063055,91,1.1645574119473,estimated
33834,4,1.68867069633491,112,2.36872707549293,estimated
33835,,,,,counterfactual_not_estimable
33837,7,6.54034260833598,84,1.07028032309472,estimated
33838,2,1.80981166755383,84,1.10508736121877,estimated
33839,2,0.946966665541454,84,2.11200676093117,estimated
33840,0,0.115176439868046,77,0,estimated
33841,3,5.26615746882476,119,0.569675331161244,estimated
33843,7,7.31344391370597,126,0.957141407330882,estimated
33844,18,15.6931875216662,91,1.14699451434891,estimated
33847,1,0.00951762947040545,70,105.06817933073,estimated
33848,0,0.313169446810205,70,0,estimated
33849,0,0.155798491537197,91,0,estimated
33850,2,3.50947361513901,84,0.569886034011623,estimated
33851,0,0.321890133244513,84,0,estimated
33852,34,22.8565595813004,126,1.48753795946685,estimated
33853,12,12.1188456821589,98,0.990193316651117,estimated
33854,0,0.166314657080447,105,0,estimated
33855,1,0.0898037826196756,84,11.1353884082485,estimated
33856,0,0.108119857611704,105,0,estimated
33857,0,0.972134348855881,119,0,estimated
33858,,,,,counterfactual_not_estimable
33859,8,5.19737224320842,98,1.5392393743692,estimated
33860,9,6.53074532645722,98,1.37809691698425,estimated
33865,0,0.388643776370964,119,0,estimated
33867,0,0.0505423820295062,98,0,estimated
33868,4,3.48320153948309,105,1.14836880802298,estimated
33870,34,32.8989676432904,126,1.0334670792302,estimated
33872,9,11.37483698344,105,0.791220130284293,estimated
33873,3,7.09603357651365,112,0.422771393011634,estimated
33875,9,7.1054530625444,105,1.2666328129648,estimated
33876,9,4.02379735745896,112,2.23669315337578,estimated
33877,0,0.0399884305910909,84,0,estimated
33880,24,18.7422972305891,91,1.28052605850418,estimated
33881,25,22.6179406414288,84,1.10531725219086,estimated
33884,16,16.3503261190816,84,0.978573753420564,estimated
33890,1,1.63905315888664,119,0.610108338816339,estimated
33896,1,1.38834149441608,70,0.720283881179098,estimated
33897,1,3.04987186423069,84,0.327882627374657,estimated
33898,18,11.7872487542028,126,1.52707390633307,estimated
33901,9,17.8302530882509,84,0.504760081388328,estimated
33903,26,19.6565115534807,91,1.32271689863485,estimated
33904,30,23.0868096123423,84,1.29944329700549,estimated
33905,15,11.213639708599,91,1.33765667435324,estimated
33907,14,14.4105464228234,84,0.97151069704247,estimated
33908,28,28.9577088229557,84,0.966927327406633,estimated
33909,8,5.72105056034777,91,1.39834457248945,estimated
33912,7,6.79490333403211,70,1.03018389753106,estimated
33913,9,4.076906838988,91,2.2075559622633,estimated
33914,15,13.45769527006,91,1.11460392726913,estimated
33916,7,5.8173037277856,77,1.20330660518298,estimated
33917,17,19.0556582613464,91,0.892123471508919,estimated
33919,19,18.4679779395509,84,1.02880781329664,estimated
33920,2,2.25358337920927,98,0.887475483912093,estimated
33921,0,0.483927208174017,77,0,estimated
33922,5,1.85838045248484,84,2.69051474003319,estimated
33924,0,0.12341092863107,77,0,estimated
33928,9,7.80791105586069,84,1.15267706504476,estimated
33930,0,0.107601861313735,84,0,estimated
33931,6,5.392917984268,91,1.11257022960537,estimated
33935,8,8.31891675479,105,0.961663667976198,estimated
33936,23,13.1501249162862,77,1.74903281500505,estimated
33944,0,0.0266573307099337,70,0,estimated
33946,1,0.873249122316401,77,1.14514858869526,estimated
33947,5,4.0054567516664,77,1.24829708819596,estimated
33948,5,8.03030677884116,70,0.62264121878561,estimated
33950,14,16.0706913534738,84,0.87115107197761,estimated
33952,16,19.3812820007708,70,0.825538785275593,estimated
33953,6,2.38061465647571,84,2.52035749829519,estimated
33954,6,4.80775439424824,91,1.24798388353159,estimated
33955,3,4.1921405655054,91,0.715624858738085,estimated
33956,3,2.58577478315644,84,1.16019384965071,estimated
33957,5,2.84384727450638,84,1.75818161714323,estimated
33960,0,0.423085941915057,105,0,estimated
33965,,,,,counterfactual_not_estimable
33966,3,1.4537332392897,70,2.06365233931488,estimated
33967,4,2.89373527699997,63,1.38229644977993,estimated
33971,2,3.12735191503372,84,0.639518690041136,estimated
33972,1,3.17870514621682,84,0.314593507104667,estimated
33973,0,0.698839293951054,84,0,estimated
33974,3,1.45321661352977,77,2.06438597802237,estimated
33976,2,0.808608482494461,84,2.4733848868741,estimated
33980,19,10.2403844838739,77,1.85539908486056,estimated
33981,3,4.70172514487761,91,0.638063669729485,estimated
33982,6,5.66816440848023,112,1.05854374848819,estimated
33983,6,6.15336396246697,70,0.975076403183295,estimated
33990,18,14.6429759781827,84,1.22925831653478,estimated
33991,5,7.51084298066108,91,0.665704237576794,estimated
33993,2,4.40815335799595,98,0.453704723401285,estimated
34101,,,,,counterfactual_not_estimable
34102,5,8.32956398258444,77,0.600271516066635,estimated
34103,12,9.86576269211764,84,1.21632765499088,estimated
34104,10,9.09662305747977,84,1.09930904433568,estimated
34105,11,10.8534408699559,91,1.01350347155342,estimated
34108,5,8.37960079984243,77,0.596687135751624,estimated
34109,15,13.6637005043706,77,1.09779923785668,estimated
34110,9,15.5835525470833,77,0.577531982698291,estimated
34112,19,14.0660305244494,84,1.3507719869493,estimated
34113,11,13.343063482631,98,0.824398386046729,estimated
34114,4,5.80061630640351,105,0.689581897631163,estimated
34116,8,4.52709713438146,91,1.76713681251574,estimated
34117,3,2.92286354903472,112,1.02639071228308,estimated
34119,6,6.57657850164593,84,0.912328500070116,estimated
34120,3,5.09110328047713,91,0.589263237205207,estimated
34134,8,7.10135453525854,84,1.12654564143779,estimated
34135,17,12.6834516145302,84,1.3403291561837,estimated
34137,0,0.0700362873672763,105,0,estimated
34138,0,0.109133020567379,98,0,estimated
34139,0,0.0557581534149038,84,0,estimated
34140,0,0.153874675211147,98,0,estimated
34141,0,0.02573239213902,98,0,estimated
34142,6,3.44809183000366,98,1.74009286753643,estimated
34145,12,7.72015025335234,98,1.55437389250154,estimated
34201,0,0.68577060655475,63,0,estimated
34202,3,3.04378583701848,63,0.985614678770774,estimated
34203,17,11.7281760142578,63,1.44950075607097,estimated
34205,22,23.3521267895096,63,0.942098344973146,estimated
34207,10,16.5120816743122,63,0.605617159437683,estimated
34208,12,11.442742931801,63,1.04869960563829,estimated
34209,28,24.9431489667487,63,1.12255273130615,estimated
34210,4,6.79286269962919,63,0.58885335636452,estimated
34211,2,1.28648159887422,63,1.55462775507257,estimated
34212,2,2.36129303953139,63,0.846993560950365,estimated
34215,1,0.279705257387929,56,3.575192005108,estimated
34216,1,0.646196526531552,56,1.5475168295433,estimated
34217,2,2.18163247955872,56,0.916744694048807,estimated
34219,7,5.787167215429,112,1.20957279087038,estimated
34221,13,13.2908233645691,63,0.978118483965078,estimated
34222,8,6.82048005763066,63,1.17293796512897,estimated
34223,11,14.8826847512603,84,0.73911395583841,estimated
34224,9,11.1001839392617,84,0.810797375002656,estimated
34228,5,3.33238939682817,63,1.50042489174857,estimated
34229,2,2.52780735751052,63,0.7911995326929,estimated
34231,28,21.3464248031292,63,1.31169506173678,estimated
34232,11,13.6032815556966,63,0.808628414766109,estimated
34233,9,7.68651694199537,56,1.17088143666586,estimated
34234,8,8.28208186175892,63,0.965940705915818,estimated
34235,7,7.37744070074162,63,0.948838531402403,estimated
34236,11,10.8614371354766,63,1.01275732325245,estimated
34237,6,6.06516252877449,63,0.989256260081187,estimated
34238,6,9.17795563119901,63,0.653740357994753,estimated
34239,11,7.62621887721902,56,1.44239238043103,estimated
34240,5,2.6646565107104,77,1.87641445713654,estimated
34241,4,4.29899868700992,77,0.930449225789859,estimated
34242,3,4.19747584931961,63,0.714715249758087,estimated
34243,11,7.83212397555941,63,1.40447215012507,estimated
34250,1,0.0778081668204827,49,12.8521213243229,estimated
34251,0,1.07060378362874,105,0,estimated
34266,16,13.8298235437896,140,1.15692003945957,estimated
34267,0,0.0316089831509332,21,0,estimated
34268,,,,,counterfactual_not_estimable
34269,1,1.99459830838482,91,0.501354080065262,estimated
34275,12,8.73816393686311,70,1.37328620597016,estimated
34285,30,21.4364106719233,70,1.3994880233981,estimated
34286,7,3.42693896701572,91,2.04263923792486,estimated
34287,16,16.952145274745,84,0.943833346204067,estimated
34288,0,1.35355832785806,91,0,estimated
34289,1,0.580352499424636,77,1.72309070951087,estimated
34291,0,0.910485697373516,84,0,estimated
34292,8,10.3305553967648,70,0.774401732796023,estimated
34293,19,22.9503256200957,84,0.827874964151414,estimated
34420,9,9.22022058209602,84,0.976115475748634,estimated
34428,6,8.00788003254777,112,0.749261973907351,estimated
34429,15,11.5280861758388,112,1.30117000959256,estimated
34431,8,7.10551378232101,105,1.12588621246567,estimated
34432,10,9.07176040368284,112,1.10232188186323,estimated
34433,7,4.15888326726172,105,1.68314413994335,estimated
34434,9,5.62938298386655,105,1.59875425526979,estimated
34436,10,8.13165796070734,98,1.2297615133741,estimated
34442,14,14.2511103005125,105,0.982379597433649,estimated
34445,,,,,counterfactual_not_estimable
34446,14,15.4028117288519,98,0.908924957757925,estimated
34448,11,9.91174566898472,112,1.10979441637819,estimated
34449,1,2.68289230727448,105,0.372732068778373,estimated
34450,13,12.6494142884444,98,1.02771556876557,estimated
34452,12,14.1203842599618,98,0.849835229627983,estimated
34453,8,9.45953564123925,98,0.845707474807078,estimated
34461,10,13.1927516683833,105,0.757991983125491,estimated
34465,20,21.955862439349,105,0.910918441725899,estimated
34470,10,14.0144349643422,91,0.713549995090319,estimated
34471,23,23.4194850814527,91,0.982088202196003,estimated
34472,11,13.3418949245821,91,0.824470591484929,estimated
34473,10,5.44794046614694,98,1.83555603482439,estimated
34474,10,9.0251877925231,84,1.10801018548162,estimated
34475,6,4.82914863618851,77,1.2424550271734,estimated
34476,14,18.1333125476176,98,0.772059708519136,estimated
34479,4,6.4067693565392,84,0.624339628508293,estimated
34480,3,7.18962730297346,98,0.417267804515996,estimated
34481,26,26.8348756218137,105,0.968888410977576,estimated
34482,12,10.5330151082815,98,1.13927492523627,estimated
34484,5,3.13782175290899,98,1.59346208731093,estimated
34487,,,,,counterfactual_not_estimable
34488,5,7.00277198709786,98,0.714002970425449,estimated
34491,10,15.4182736590021,84,0.648581042285587,estimated
34498,0,0.643551279036311,105,0,estimated
34601,19,18.7381348175326,98,1.01397498657243,estimated
34602,6,3.37601085959394,91,1.77724546796087,estimated
34604,2,3.42814290241567,98,0.58340625141113,estimated
34606,23,24.0679543322804,98,0.955627540357759,estimated
34607,10,5.31632266586976,98,1.88099944802052,estimated
34608,29,21.2280923877927,98,1.36611427302232,estimated
34609,24,18.7688852300866,98,1.27871206551617,estimated
34610,7,4.5029226371488,91,1.55454591696746,estimated
34613,19,17.0526253579634,98,1.11419793733563,estimated
34614,3,2.4014587954794,105,1.24924067223111,estimated
34637,2,0.985724454871935,91,2.02896457535878,estimated
34638,2,2.41078368912966,91,0.829605745641178,estimated
34639,6,4.81436752914343,91,1.24626962185156,estimated
34652,21,16.8777726190678,77,1.24424001163964,estimated
34653,23,24.710365082241,84,0.930783496053234,estimated
34654,6,9.44621545990547,91,0.635175010083884,estimated
34655,23,17.7156361899091,91,1.29828811979673,estimated
34661,0,0.238808011597598,91,0,estimated
34667,33,31.9107674087213,91,1.03413370093322,estimated
34668,40,33.9551096423005,84,1.1780259413496,estimated
34669,5,5.8636546496825,91,0.852710519073755,estimated
34677,9,6.76091272762575,84,1.33118121214982,estimated
34679,0,0.135944613122669,84,0,estimated
34681,0,0.358177484487307,84,0,estimated
34683,8,10.5986148793498,84,0.754815614216446,estimated
34684,26,26.6903933077948,84,0.974133265859625,estimated
34685,6,5.56245310453294,84,1.07866077920019,estimated
34688,3,2.33409925748954,84,1.28529238436358,estimated
34689,22,16.4866253772718,84,1.33441498769839,estimated
34690,9,10.0070697024514,77,0.899364176287824,estimated
34691,12,12.300386960544,77,0.975579064178424,estimated
34695,11,8.5235117309659,84,1.29054788063904,estimated
34698,31,36.4962250106146,91,0.84940291745198,estimated
34705,0,0.747142222101559,77,0,estimated
34711,16,15.4423477835559,84,1.03611188041225,estimated
34714,3,2.06289751419895,105,1.45426516797415,estimated
34715,3,2.61032273670052,84,1.14928317400018,estimated
34729,0,0.016705166683562,63,0,estimated
34731,5,6.44248058278576,91,0.776098575036445,estimated
34734,2,0.489050064944493,77,4.08956085145802,estimated
34736,2,4.53517159491658,98,0.440997646537074,estimated
34737,3,0.96879920604168,77,3.09661690605363,estimated
34739,0,0.642756038819949,126,0,estimated
34741,9,9.49367245171815,77,0.947999843661258,estimated
34743,11,8.2637942291642,91,1.33110768431035,estimated
34744,14,12.2080189794038,98,1.14678720795073,estimated
34746,13,13.1974937115603,91,0.985035513872814,estimated
34747,3,1.87843821480626,70,1.59707142686586,estimated
34748,35,35.3792173037868,91,0.989281354063583,estimated
34753,0,0.624599471163415,70,0,estimated
34756,0,0.780502587395725,84,0,estimated
34758,8,5.2430817608917,77,1.52582018836178,estimated
34759,7,8.07149991059704,112,0.867248972004538,estimated
34760,0,0.374260503584423,84,0,estimated
34761,6,6.94462149709676,84,0.863977972378816,estimated
34762,3,0.575177213132126,84,5.21578381671886,estimated
34769,15,13.3679271688925,91,1.12208869860582,estimated
34771,8,4.40975843973217,112,1.81415832847431,estimated
34772,7,5.59856966895876,105,1.25031935188937,estimated
34773,0,0.577359109829805,119,0,estimated
34785,8,10.1083447786993,98,0.791425319885991,estimated
34786,1,3.26041720214722,77,0.306709214802765,estimated
34787,8,14.5048890505881,91,0.551538172549871,estimated
34788,21,12.683107110068,84,1.65574569525869,estimated
34797,0,0.737535537187749,77,0,estimated
34945,2,2.01686034435866,119,0.991640301518237,estimated
34946,2,3.57983766764042,112,0.558684551000398,estimated
34947,4,6.14552641323261,112,0.65087996227421,estimated
34949,2,5.47282220724316,119,0.365442165717177,estimated
34950,12,10.5876459008409,105,1.13339642375525,estimated
34951,11,11.6850823962575,119,0.941371196793875,estimated
34952,56,40.8278455782706,112,1.37161290797583,estimated
34953,24,12.2814652980323,112,1.95416421555538,estimated
34956,2,2.66058741353584,126,0.751713696691536,estimated
34957,26,17.2329624954263,112,1.50873652785471,estimated
34972,7,10.5682497763107,140,0.662361332118673,estimated
34974,22,19.2337263420884,140,1.14382411440774,estimated
34981,0,2.46985858187627,105,0,estimated
34982,19,17.5451317532153,112,1.08292147743593,estimated
34983,14,18.5182305297369,112,0.756011757036858,estimated
34984,3,5.15858330843209,112,0.581555016296098,estimated
34986,6,10.8120641554469,105,0.554935663878515,estimated
34987,2,2.51790417540524,119,0.794311403720561,estimated
34990,21,18.5180323329628,119,1.13402977284035,estimated
34994,12,17.1318205968036,105,0.700450949284335,estimated
34996,11,12.8049684006138,105,0.859041557609211,estimated
34997,24,26.8859435087227,112,0.892659764468135,estimated
36314,,,,,counterfactual_not_estimable
36320,,,,,counterfactual_not_estimable
36340,,,,,counterfactual_not_estimable
36343,,,,,counterfactual_not_estimable
36344,,,,,counterfactual_not_estimable
36375,,,,,counterfactual_not_estimable
36426,,,,,counterfactual_not_estimable
36441,,,,,counterfactual_not_estimable
36442,,,,,counterfactual_not_estimable
36477,,,,,counterfactual_not_estimable
36483,,,,,counterfactual_not_estimable
36502,,,,,counterfactual_not_estimable
36507,,,,,counterfactual_not_estimable
36530,,,,,counterfactual_not_estimable
36549,,,,,counterfactual_not_estimable
36561,,,,,counterfactual_not_estimable
36562,,,,,counterfactual_not_estimable
36567,,,,,counterfactual_not_estimable
36574,,,,,counterfactual_not_estimable
39815,,,,,counterfactual_not_estimable
39819,,,,,counterfactual_not_estimable
39828,,,,,counterfactual_not_estimable
39845,,,,,counterfactual_not_estimable
