Mother_CalculatedRace,any_storm_effect,N
01,0,97924
01,1,152051
02,0,26615
02,1,41385
03,0,274
03,1,359
04,0,419
04,1,716
05,0,97
05,1,188
06,0,28
06,1,26
07,0,727
07,1,1127
08,0,174
08,1,295
09,0,1493
09,1,1766
1,0,1494720
1,1,1011127
10,0,9083
10,1,6987
11,0,22009
11,1,16803
12,0,7784
12,1,6034
13,0,472
13,1,352
14,0,131
14,1,115
15,0,1359
15,1,999
2,0,456402
2,1,309886
20,0,32626
20,1,26776
3,0,3102
3,1,2108
4,0,8308
4,1,5425
5,0,1466
5,1,1056
6,0,315
6,1,283
7,0,11162
7,1,7579
8,0,2608
8,1,1728
9,0,24165
9,1,18616
99,0,9100
99,1,6304
NULL,0,586336
NULL,1,65327
