outcome,trimester,sample,threshold_kt,exposure,eligibility,OR,conf_low,conf_high,n,events
LBW,T1,birth,34,exposed_window_T1_34,exposure_eligible_T1,1.00417963549844,0.986605921342693,1.02206637780713,2988779,181079
LBW,T1,birth,55,exposed_window_T1_55,exposure_eligible_T1,0.986429659800262,0.951830440288938,1.02228656759316,2988779,181079
LBW,T2,birth,34,exposed_window_T2_34,exposure_eligible_T2,0.95484264358147,0.938327299328865,0.971648671688181,2988775,181079
LBW,T2,birth,55,exposed_window_T2_55,exposure_eligible_T2,0.984040001427006,0.952233640866407,1.01690875311589,2988775,181079
PTB,T1,birth,34,exposed_window_T1_34,exposure_eligible_T1,1.01416914947031,0.996281318537388,1.03237814922326,2987480,235168
PTB,T1,birth,55,exposed_window_T1_55,exposure_eligible_T1,0.999694602173232,0.95442023399245,1.04711662852508,2987480,235168
PTB,T2,birth,34,exposed_window_T2_34,exposure_eligible_T2,0.958052774925992,0.938180943770432,0.978345516009533,2987476,235164
PTB,T2,birth,55,exposed_window_T2_55,exposure_eligible_T2,0.981089314232748,0.952502147137642,1.01053445957492,2987476,235164
vLBW,T1,birth,34,exposed_window_T1_34,exposure_eligible_T1,0.97603480822983,0.929182397323349,1.02524967070026,2987859,29975
vLBW,T1,birth,55,exposed_window_T1_55,exposure_eligible_T1,0.989377756186984,0.918599349045572,1.06560966481703,2987859,29975
vLBW,T2,birth,34,exposed_window_T2_34,exposure_eligible_T2,0.759427076485517,0.723226793020011,0.797439323412044,2987855,29975
vLBW,T2,birth,55,exposed_window_T2_55,exposure_eligible_T2,0.796321947973208,0.710285938534564,0.892779387034124,2987855,29975
vPTB,T1,birth,34,exposed_window_T1_34,exposure_eligible_T1,0.973052093731173,0.923589892590762,1.02516320794575,2980048,34037
vPTB,T1,birth,55,exposed_window_T1_55,exposure_eligible_T1,0.973966045927517,0.907066851484238,1.0457992782643,2980048,34037
vPTB,T2,birth,34,exposed_window_T2_34,exposure_eligible_T2,0.773033139455066,0.740195990044778,0.807327035991649,2980044,34033
vPTB,T2,birth,55,exposed_window_T2_55,exposure_eligible_T2,0.821753074650032,0.733981378747854,0.920020773345478,2980044,34033
tLBW,T1,term,34,exposed_window_T1_34,exposure_eligible_T1,0.995136015819453,0.970751268887179,1.0201332944084,2753647,62637
tLBW,T1,term,55,exposed_window_T1_55,exposure_eligible_T1,1.01618793642868,0.955435162051059,1.08080376686827,2753647,62637
tLBW,T2,term,34,exposed_window_T2_34,exposure_eligible_T2,1.01112539043649,0.986819596387334,1.03602984671987,2753647,62637
tLBW,T2,term,55,exposed_window_T2_55,exposure_eligible_T2,1.03717246657963,0.96332625602679,1.11667954517059,2753647,62637
tLBW,T3,term,34,exposed_window_T3_34,exposure_eligible_T3,0.833280071095299,0.790148561428198,0.87876598247491,2753647,62637
tLBW,T3,term,55,exposed_window_T3_55,exposure_eligible_T3,0.856246495415383,0.819030778732114,0.895153246922024,2753647,62637
GDM,T1,complication,34,exposed_window_T1_34,exposure_eligible_T1,0.966202145507664,0.941069558303208,0.992005933830057,2921570,151412
GDM,T1,complication,55,exposed_window_T1_55,exposure_eligible_T1,0.989667284999472,0.942421251532359,1.03928188525638,2921570,151412
HDP,T1,complication,34,exposed_window_T1_34,exposure_eligible_T1,1.00305968344568,0.9594101940173,1.04869505747195,2921600,169583
HDP,T1,complication,55,exposed_window_T1_55,exposure_eligible_T1,1.00138789864273,0.948231865161478,1.05752375594058,2921600,169583
