cause,<65,65-74,75+,All ages
All diseases,1417395,1104500,3328609,5850504
Cardiovascular,306088,356274,1432587,2094949
Respiratory,69032,108989,333247,511268
Infectious diseases,81003,21207,49615,151825
Injuries,223264,27924,70127,321315
Neuropsychiatric disorders,49873,46347,383017,479237
Renal diseases,13736,15121,51817,80674
Digestive diseases,75121,41690,83160,199971
Diabetes,41768,40645,78862,161275
"Endocrine, nutritional, and metabolic disorders",61247,53022,115345,229614
Neoplasms,367589,384972,628382,1380943
