outcome,trimester,sample,threshold_kt,exposure,beta,standard_error,degrees_freedom,OR,conf_low,conf_high,n,events,estimate
LBW,T1,birth,34,exposed_window_T1_34,0.0067779119208098,0.00883004865451532,186126.146150995,1.00680093395018,0.989526455597569,1.02437697837076,4512819,306047,"1.007 (0.990, 1.024)"
LBW,T2,birth,34,exposed_window_T2_34,-0.0444742851222363,0.00757289362856712,117622.600501219,0.956500196063001,0.942407943953189,0.970803175990634,4512745,306044,"0.957 (0.942, 0.971)"
PTB,T1,birth,34,exposed_window_T1_34,0.012601452179797,0.00661285503341001,15853.150415177,1.01268118504294,0.999639569825578,1.02589294531319,4510991,388829,"1.013 (1.000, 1.026)"
PTB,T2,birth,34,exposed_window_T2_34,-0.0404167817139436,0.00904878186174049,946534.336811744,0.960389083119466,0.94350643773748,0.977573818348108,4510917,388755,"0.960 (0.944, 0.978)"
vLBW,T1,birth,34,exposed_window_T1_34,0.00149935055449042,0.0168590415570286,436601.377002257,1.00150047514251,0.96894846198201,1.03514607955413,4512819,55322,"1.002 (0.969, 1.035)"
vLBW,T2,birth,34,exposed_window_T2_34,-0.290643363988046,0.0284162207448671,12470863.7531088,0.747782316572002,0.707273290246388,0.790611494438016,4512745,55322,"0.748 (0.707, 0.791)"
vPTB,T1,birth,34,exposed_window_T1_34,0.000204529383041532,0.0167352366103552,214157.436166516,1.0002045503006,0.967929410862639,1.033555888699,4501004,62861,"1.000 (0.968, 1.034)"
vPTB,T2,birth,34,exposed_window_T2_34,-0.267146601631506,0.0251291124877923,8731037.15679205,0.765560830771433,0.728768785535984,0.804210330139761,4500930,62787,"0.766 (0.729, 0.804)"
tLBW,T1,term,34,exposed_window_T1_34,-0.00601860165180448,0.0152740822331958,8101869.72227456,0.993999473849855,0.964683455158253,1.02420638472721,4124041,102451,"0.994 (0.965, 1.024)"
tLBW,T2,term,34,exposed_window_T2_34,0.0148974319440779,0.0113294415447266,376977.923681855,1.01500895178156,0.992718701297109,1.03779970181941,4124041,102451,"1.015 (0.993, 1.038)"
tLBW,T3,term,34,exposed_window_T3_34,-0.187898985423491,0.0236626455958219,67990207.2867858,0.828698413624132,0.791142702799353,0.868036901956135,4124041,102451,"0.829 (0.791, 0.868)"
GDM,T1,complication,34,exposed_window_T1_34,-0.0271526157133846,0.0114251124589921,23563924.4867597,0.973212702639053,0.951661927147782,0.995251504299099,3749258,184573,"0.973 (0.952, 0.995)"
HDP,T1,complication,34,exposed_window_T1_34,0.00191122158248069,0.0178576636586712,271771849.457274,1.00191304913055,0.967452301380321,1.03760129216277,3749298,219548,"1.002 (0.967, 1.038)"
