imputation,outcome,trimester,sample,threshold_kt,exposure,eligibility,beta,within_variance,n,events
1,LBW,T1,birth,34,exposed_window_T1_34,exposure_eligible_T1,0.00750817979919007,7.96366684690101e-05,4512819,306047
1,LBW,T2,birth,34,exposed_window_T2_34,exposure_eligible_T2,-0.0436899772168461,5.62034544320035e-05,4512745,306044
1,PTB,T1,birth,34,exposed_window_T1_34,exposure_eligible_T1,0.0133234053757283,4.33431337585413e-05,4510991,388829
1,PTB,T2,birth,34,exposed_window_T2_34,exposure_eligible_T2,-0.0398716364665606,8.2159803521822e-05,4510917,388755
1,vLBW,T1,birth,34,exposed_window_T1_34,exposure_eligible_T1,0.00219799499090115,0.000285770620160997,4512819,55322
1,vLBW,T2,birth,34,exposed_window_T2_34,exposure_eligible_T2,-0.290090991679459,0.000805627620113173,4512745,55322
1,vPTB,T1,birth,34,exposed_window_T1_34,exposure_eligible_T1,0.000987636572634585,0.00028212325838036,4501004,62861
1,vPTB,T2,birth,34,exposed_window_T2_34,exposure_eligible_T2,-0.26660375052202,0.000630262368392591,4500930,62787
1,tLBW,T1,term,34,exposed_window_T1_34,exposure_eligible_T1,-0.00573021344268345,0.000237021126840787,4124041,102451
1,tLBW,T2,term,34,exposed_window_T2_34,exposure_eligible_T2,0.015819736127843,0.000127517876594645,4124041,102451
1,tLBW,T3,term,34,exposed_window_T3_34,exposure_eligible_T3,-0.188367204421145,0.000559878474580826,4124041,102451
1,GDM,T1,complication,34,exposed_window_T1_34,exposure_eligible_T1,-0.026935385711297,0.000129625968928328,3749258,184573
1,HDP,T1,complication,34,exposed_window_T1_34,exposure_eligible_T1,0.00192213342351265,0.000318585031450057,3749298,219548
2,LBW,T1,birth,34,exposed_window_T1_34,exposure_eligible_T1,0.00605488878771145,7.58056375238266e-05,4512819,306047
2,LBW,T2,birth,34,exposed_window_T2_34,exposure_eligible_T2,-0.0443735376877248,5.75406666618595e-05,4512745,306044
2,PTB,T1,birth,34,exposed_window_T1_34,exposure_eligible_T1,0.0113615307927171,4.2932103118727e-05,4510991,388829
2,PTB,T2,birth,34,exposed_window_T2_34,exposure_eligible_T2,-0.0403887660744485,8.29345746283256e-05,4510917,388755
2,vLBW,T1,birth,34,exposed_window_T1_34,exposure_eligible_T1,0.000129905278262309,0.000284308112925004,4512819,55322
2,vLBW,T2,birth,34,exposed_window_T2_34,exposure_eligible_T2,-0.290544848915424,0.000808404200784417,4512745,55322
2,vPTB,T1,birth,34,exposed_window_T1_34,exposure_eligible_T1,-0.00146110859395785,0.000280502926287468,4501004,62861
2,vPTB,T2,birth,34,exposed_window_T2_34,exposure_eligible_T2,-0.26710762575587,0.000630627580817036,4500930,62787
2,tLBW,T1,term,34,exposed_window_T1_34,exposure_eligible_T1,-0.00593662904691147,0.000233869846315296,4124041,102451
2,tLBW,T2,term,34,exposed_window_T2_34,exposure_eligible_T2,0.0149844349375352,0.000125983180381617,4124041,102451
2,tLBW,T3,term,34,exposed_window_T3_34,exposure_eligible_T3,-0.188145482942265,0.000560083556668143,4124041,102451
2,GDM,T1,complication,34,exposed_window_T1_34,exposure_eligible_T1,-0.0274879173174035,0.000130996461292256,3749258,184573
2,HDP,T1,complication,34,exposed_window_T1_34,exposure_eligible_T1,0.00166980760939049,0.000319489798126226,3749298,219548
3,LBW,T1,birth,34,exposed_window_T1_34,exposure_eligible_T1,0.00651938774494224,7.81946763387629e-05,4512819,306047
3,LBW,T2,birth,34,exposed_window_T2_34,exposure_eligible_T2,-0.04449042380061,5.74897226719329e-05,4512745,306044
3,PTB,T1,birth,34,exposed_window_T1_34,exposure_eligible_T1,0.012842624227683,4.26140464787924e-05,4510991,388829
3,PTB,T2,birth,34,exposed_window_T2_34,exposure_eligible_T2,-0.0402955681276635,8.15545453457232e-05,4510917,388755
3,vLBW,T1,birth,34,exposed_window_T1_34,exposure_eligible_T1,0.00174985768370404,0.00028177771811676,4512819,55322
3,vLBW,T2,birth,34,exposed_window_T2_34,exposure_eligible_T2,-0.290091977411962,0.000805255876957864,4512745,55322
3,vPTB,T1,birth,34,exposed_window_T1_34,exposure_eligible_T1,0.000604342384146892,0.000276922075127077,4501004,62861
3,vPTB,T2,birth,34,exposed_window_T2_34,exposure_eligible_T2,-0.266549422062982,0.000631589917635719,4500930,62787
3,tLBW,T1,term,34,exposed_window_T1_34,exposure_eligible_T1,-0.00666088013799755,0.000232805644302265,4124041,102451
3,tLBW,T2,term,34,exposed_window_T2_34,exposure_eligible_T2,0.0146300128469007,0.000129535181760967,4124041,102451
3,tLBW,T3,term,34,exposed_window_T3_34,exposure_eligible_T3,-0.187670154077264,0.000558683869021834,4124041,102451
3,GDM,T1,complication,34,exposed_window_T1_34,exposure_eligible_T1,-0.0270140021221157,0.000129450088152354,3749258,184573
3,HDP,T1,complication,34,exposed_window_T1_34,exposure_eligible_T1,0.00217038258690698,0.000318732080736755,3749298,219548
4,LBW,T1,birth,34,exposed_window_T1_34,exposure_eligible_T1,0.00674482841663694,7.68530643524186e-05,4512819,306047
4,LBW,T2,birth,34,exposed_window_T2_34,exposure_eligible_T2,-0.045145087616291,5.68876575295313e-05,4512745,306044
4,PTB,T1,birth,34,exposed_window_T1_34,exposure_eligible_T1,0.0124567229575136,4.35568109051602e-05,4510991,388829
4,PTB,T2,birth,34,exposed_window_T2_34,exposure_eligible_T2,-0.040824532686693,8.04611502135574e-05,4510917,388755
4,vLBW,T1,birth,34,exposed_window_T1_34,exposure_eligible_T1,0.00128930297950694,0.000283691006543947,4512819,55322
4,vLBW,T2,birth,34,exposed_window_T2_34,exposure_eligible_T2,-0.29154682583878,0.000807298730426778,4512745,55322
4,vPTB,T1,birth,34,exposed_window_T1_34,exposure_eligible_T1,1.53742358458225e-05,0.000279331102149416,4501004,62861
4,vPTB,T2,birth,34,exposed_window_T2_34,exposure_eligible_T2,-0.267932145551048,0.000629524079842983,4500930,62787
4,tLBW,T1,term,34,exposed_window_T1_34,exposure_eligible_T1,-0.0058233082308374,0.000231748450414389,4124041,102451
4,tLBW,T2,term,34,exposed_window_T2_34,exposure_eligible_T2,0.0142192675566191,0.000127471500683534,4124041,102451
4,tLBW,T3,term,34,exposed_window_T3_34,exposure_eligible_T3,-0.187622089253924,0.000563357328446711,4124041,102451
4,GDM,T1,complication,34,exposed_window_T1_34,exposure_eligible_T1,-0.0271521970970023,0.000129657453791466,3749258,184573
4,HDP,T1,complication,34,exposed_window_T1_34,exposure_eligible_T1,0.0019355273578593,0.00031911507844208,3749298,219548
5,LBW,T1,birth,34,exposed_window_T1_34,exposure_eligible_T1,0.00706227485556829,7.75514817641059e-05,4512819,306047
5,LBW,T2,birth,34,exposed_window_T2_34,exposure_eligible_T2,-0.0446723992897095,5.6949926349123e-05,4512745,306044
5,PTB,T1,birth,34,exposed_window_T1_34,exposure_eligible_T1,0.013022977545343,4.27300408009847e-05,4510991,388829
5,PTB,T2,birth,34,exposed_window_T2_34,exposure_eligible_T2,-0.0407034052143524,8.14505799417939e-05,4510917,388755
5,vLBW,T1,birth,34,exposed_window_T1_34,exposure_eligible_T1,0.00212969184007767,0.000281287420828923,4512819,55322
5,vLBW,T2,birth,34,exposed_window_T2_34,exposure_eligible_T2,-0.290942176094604,0.000808535009522026,4512745,55322
5,vPTB,T1,birth,34,exposed_window_T1_34,exposure_eligible_T1,0.000876402316538212,0.000275409384950832,4501004,62861
5,vPTB,T2,birth,34,exposed_window_T2_34,exposure_eligible_T2,-0.267540064265608,0.000633220442466806,4500930,62787
5,tLBW,T1,term,34,exposed_window_T1_34,exposure_eligible_T1,-0.00594197740059252,0.000230223242883767,4124041,102451
5,tLBW,T2,term,34,exposed_window_T2_34,exposure_eligible_T2,0.0148337082514913,0.000129182946435312,4124041,102451
5,tLBW,T3,term,34,exposed_window_T3_34,exposure_eligible_T3,-0.187689996422859,0.000556921701650862,4124041,102451
5,GDM,T1,complication,34,exposed_window_T1_34,exposure_eligible_T1,-0.0271735763191043,0.000132667097404603,3749258,184573
5,HDP,T1,complication,34,exposed_window_T1_34,exposure_eligible_T1,0.00185825693473403,0.000318365327637737,3749298,219548
